doi	old_screen_name	tweet_id
10.1186/1741-7007-12-29	naomiattar	461555014155399169
10.1186/1741-7007-12-29	aemonten	461693999657406465
10.1186/1741-7007-12-29	OnCritical	461694813633400833
10.1186/1741-7007-12-29	yoson_park	461717719851995136
10.1186/1741-7007-12-29	rmrodriguez126	461725753449529344
10.1186/1741-7007-12-29	AaronListon	461959994586316800
10.1186/1741-7007-12-29	cbudjan	461968973714960384
10.1186/1741-7007-12-29	naomiattar	462128800068014080
10.1186/1741-7007-12-29	eliowa	462173073685221376
10.1186/1741-7007-12-29	Feebz13	462186377652994048
10.1186/1741-7007-12-29	SethLargo	462240236706082817
10.1186/1741-7007-12-29	UseqMiseq	462221070502596608
10.1186/1741-7007-12-29	pathogenomenick	462222345873403904
10.1186/1741-7007-12-29	GCU_Flotta	462223447041794049
10.1186/1741-7007-12-29	Thenirajpandey	462264568140423168
10.1186/1741-7007-12-29	meitanteiabid	462264433385807872
10.1186/1741-7007-12-29	IBMbigdata	462264079315644417
10.1186/1741-7007-12-29	yara_elena	462293980290772992
10.1186/1741-7007-12-29	ticks7	462638169402646529
10.1186/1741-7007-12-29	ar0mcintosh	462673621799161858
10.1186/1741-7007-12-29	svalver	462682526054907904
10.1186/1741-7007-12-29	saralpulit	462853270558752768
10.1186/1741-7007-12-29	BioinfoTools	462537114668630016
10.1186/1741-7007-12-29	DataByatt	462886105856344064
10.1186/1741-7007-12-29	kmkubo	462928780936228864
10.1186/1741-7007-12-29	Jediphone	462952327293313024
10.1186/1741-7007-12-29	frod_san	463741815473332224
10.1186/1741-7007-12-29	cbjones1943	463702424935333888
10.1186/1741-7007-12-29	SaveEarthworms	463709417943207937
10.1186/1741-7007-12-29	BioMickWatson	464321534749069312
10.1186/1741-7007-12-29	BorisAdryan	464321955718774785
10.1186/1741-7007-12-29	Alfons_Valencia	464320896225009664
10.1186/1741-7007-12-29	Nemvec	464352066451017728
10.1186/1741-7007-12-29	helicobacter1	464328760062644225
10.1186/1741-7007-12-29	cnrlwlss	464342421707710464
10.1186/1741-7007-12-29	theoneamit	464389100036837378
10.1186/1741-7007-12-29	DePaceLab	464408557358575618
10.1186/1741-7007-12-29	johnabachman	464433737674264576
10.1186/1741-7007-12-29	johnabachman	464434078188847104
10.1186/1741-7007-12-29	IanSudbery	464427704629350400
10.1186/1741-7007-12-29	BenHeavner	464872612691058688
10.1186/1741-7007-12-29	jdenavascues	464521155056242690
10.1186/1741-7007-12-29	dbkell	464847200108150784
10.1186/1741-7007-12-29	widdowquinn	464847660244279296
10.1186/1741-7007-12-29	msrobeson	464848057109344256
10.1186/1741-7007-12-29	mcleish_t	464851111250497536
10.1186/1741-7007-12-29	Ham5ster	464851684003708928
10.1186/1741-7007-12-29	jonWturney	464851717121904640
10.1186/1741-7007-12-29	sid_or_simon	464856343321804800
10.1186/1741-7007-12-29	shivanibr	464858821739827200
10.1186/1741-7007-12-29	natxopago	464868107191078913
10.1186/1741-7007-12-29	paulblaser	465621225092677632
10.1186/1741-7007-12-29	westr	465625996419661825
10.1186/1741-7007-12-29	SchmyeBubbula	465681527213654016
10.1186/1741-7007-12-29	BMCBiology	465893573469433856
10.1186/1741-7007-12-29	flowing	466199880642609152
10.1186/1741-7007-12-29	johnomics	467245531212025856
10.1186/1741-7007-12-29	ixenario	467974077777723392
10.1186/1741-7007-12-29	glycomicslab	467988436729610240
10.1186/1741-7007-12-29	OpposingThumb	469422362665164800
10.1186/1741-7007-12-29	qgeissmann	470148703173738497
10.1186/1741-7007-12-29	BMCBiology	472325603291856897
10.1186/1741-7007-12-29	onebiofile	472384717195849728
10.1186/1741-7007-12-29	razZ0r	473192579446865920
10.1186/1741-7007-12-29	F1000	479640790923087872
10.1186/1741-7007-12-29	biolibrarian	479649181171462144
10.1186/1741-7007-12-29	NIMMLab	479981168813940736
10.1186/1741-7007-12-29	tzintlivp	480378840045203456
10.1186/1741-7007-12-29	sarah_teasley	484269026152312832
10.1186/1741-7007-12-29	dougfowler42	486564075887796224
10.1186/1741-7007-12-29	moorejh	488285729764945920
10.1186/1741-7007-12-29	HansZauner	488287880671145984
10.1186/1741-7007-12-29	villebooks	488290014187356163
10.1186/1741-7007-12-29	drbachinsky	488306131824312320
10.1186/1741-7007-12-29	dgermain21	488310253620973569
10.1186/1741-7007-12-29	AMartinezArias	491307007321059330
10.1186/1741-7007-12-29	RQPau	491948624465911809
10.1186/1741-7007-12-29	alvagraul	552612948036706305
10.1186/1741-7007-12-29	PanditPranav	552492343664713728
10.1186/1741-7007-12-29	UConnCQM	514800982195052544
10.1186/1741-7007-12-29	BMCBiology	514803390581575680
10.1186/1741-7007-12-29	BMCBiology	543077619538079744
10.1186/1741-7007-12-29	pnarpir	543073803656790016
10.1186/1741-7007-12-29	tony_gamble1	532215713386074113
10.1186/1741-7007-12-29	BMCBiology	461552532503142400
10.1186/1741-7007-12-29	BethLloydLewis	461560154656227328
10.1186/1741-7007-12-29	UseqMiseq	461842659137445888
10.1186/1741-7007-12-29	AMartinezArias	461999894568636416
10.1186/1741-7007-12-29	AMartinezArias	462015649829883904
10.1186/1741-7007-12-29	AMartinezArias	462016799455068161
10.1186/1741-7007-12-29	moorejh	462228642538721280
10.1186/1741-7007-12-29	moorejh	462228823879467008
10.1186/1741-7007-12-29	nightingale801	462228730606534656
10.1186/1741-7007-12-29	moorejh	462229087957049347
10.1186/1741-7007-12-29	moorejh	462230418977484801
10.1186/1741-7007-12-29	moorejh	462229900653764608
10.1186/1741-7007-12-29	Reihaneh26	462231255812034560
10.1186/1741-7007-12-29	WonderMixTape	462232391839662080
10.1186/1741-7007-12-29	moorejh	462232364371165185
10.1186/1741-7007-12-29	katecaldwell	462232621867872257
10.1186/1741-7007-12-29	Chris_Evelo	462233385533198336
10.1186/1741-7007-12-29	JimJohnsonSci	462234596910694400
10.1186/1741-7007-12-29	alexisoverhere	462236296946393088
10.1186/1741-7007-12-29	DrStelling	462236929858494464
10.1186/1741-7007-12-29	EarlGlynn	462237210608037889
10.1186/1741-7007-12-29	DiegoKuonen	462238059694919680
10.1186/1741-7007-12-29	WiringTheBrain	462238756557561856
10.1186/1741-7007-12-29	WiringTheBrain	462238657840447488
10.1186/1741-7007-12-29	markomanka	462242034523570176
10.1186/1741-7007-12-29	AndyBeck	462244853595013120
10.1186/1741-7007-12-29	mherrgar	462249550606897152
10.1186/1741-7007-12-29	sagebiel	462250178813374464
10.1186/1741-7007-12-29	BMCBiology	462251174142681088
10.1186/1741-7007-12-29	BMCBiology	462251549704867841
10.1186/1741-7007-12-29	BMCBiology	462252756837728256
10.1186/1741-7007-12-29	STKeating_gene	462257705223077888
10.1186/1741-7007-12-29	SysMIC_course	462258210653478913
10.1186/1741-7007-12-29	bio_utmn	462263923182678016
10.1186/1741-7007-12-29	bapivee	462264330772152320
10.1186/1741-7007-12-29	BMCBiology	462286743774175232
10.1186/1741-7007-12-29	BMCBiology	462291633879650304
10.1186/1741-7007-12-29	yara_elena	462293835763425280
10.1186/1741-7007-12-29	onebiofile	462314949571006464
10.1186/1741-7007-12-29	Etche_homo	462528610205990912
10.1186/1741-7007-12-29	cbudjan	462573427082424321
10.1186/1741-7007-12-29	sgbem	462589677669982209
10.1186/1741-7007-12-29	volatilitysmile	462591265750515712
10.1186/1741-7007-12-29	EN_NSE	462591393958219776
10.1186/1741-7007-12-29	BioMedCentral	462595793443389440
10.1186/1741-7007-12-29	cian_neuro	462644542592659456
10.1186/1741-7007-12-29	avinashtn	462646562607616000
10.1186/1741-7007-12-29	WiringTheBrain	462648776201887745
10.1186/1741-7007-12-29	LeniWhistle	462648949027774464
10.1186/1741-7007-12-29	WELLNOGUEIRA	462649077201907712
10.1186/1741-7007-12-29	SupernovaIA	462651154242207744
10.1186/1741-7007-12-29	spornslab	462651993736372224
10.1186/1741-7007-12-29	VijaykalaRakesh	462959252840009728
10.1186/1741-7007-12-29	EmanuelDerman	462974532585005056
10.1186/1741-7007-12-29	DavidPoehlman1	462975453608017921
10.1186/1741-7007-12-29	Dukedolaah	462982060899332096
10.1186/1741-7007-12-29	GaryMirams	463623123535810560
10.1186/1741-7007-12-29	_NickGolding_	463624539667460097
10.1186/1741-7007-12-29	lucaborger	463626215338037248
10.1186/1741-7007-12-29	GregMcI	463627617649049600
10.1186/1741-7007-12-29	EvolSci	463741920028925952
10.1186/1741-7007-12-29	JVRoss_UoA	463767496907313152
10.1186/1741-7007-12-29	MauriceElphick	464317974770249728
10.1186/1741-7007-12-29	JuliPereto	464318715660468224
10.1186/1741-7007-12-29	JDHL18	464323931995136000
10.1186/1741-7007-12-29	jwoodgett	464451268384018432
10.1186/1741-7007-12-29	THebertMcGill	464458218760990720
10.1186/1741-7007-12-29	LIA_UPM	464695270597357569
10.1186/1741-7007-12-29	BMCBiology	464762575046332416
10.1186/1741-7007-12-29	jaguilarrod	464788503831007234
10.1186/1741-7007-12-29	briscoejames	465802539943075840
10.1186/1741-7007-12-29	AMartinezArias	465824825911832577
10.1186/1741-7007-12-29	litonidas	465826307541327873
10.1186/1741-7007-12-29	web_pasteur	465830162467000320
10.1186/1741-7007-12-29	naomiattar	465839828031258624
10.1186/1741-7007-12-29	pf_mg	467671251935178754
10.1186/1741-7007-12-29	marc_rr	467679185218314241
10.1186/1741-7007-12-29	BMCBiology	468326826969141248
10.1186/1741-7007-12-29	sam6ernard	468755648432599042
10.1186/1741-7007-12-29	john_s_wilkins	471603232737738752
10.1186/1741-7007-12-29	Dushek	472050027024490498
10.1186/1741-7007-12-29	PietaSchofield	487241082648809472
10.1186/1741-7007-12-29	sebaspro92	488347347437764608
10.1186/1741-7007-12-29	cathcoste	488425623388311552
10.1186/1741-7007-12-29	DrHallba	491329903674281985
10.1186/1741-7007-12-29	jdenavascues	491342276246114304
10.1186/1741-7007-12-29	cbudjan	491343080998838272
10.1186/1741-7007-12-29	BMCBiology	530008834161770496
10.1186/1741-7007-12-29	jdenavascues	461942820203687937
10.1186/1741-7007-12-29	RQPau	461970501305643008
10.1186/1741-7007-12-29	moorejh	462227698195374080
10.1186/1741-7007-12-29	heathermvincent	462342769311117312
10.1186/1741-7007-12-29	mikaelhuss	462346637273468928
10.1186/1741-7007-12-29	sebaspro92	462355026825187328
10.1186/1741-7007-12-29	CancerConnector	463660350668558336
10.1186/1741-7007-12-29	AlexGFletcher	463702258136662016
10.1186/1741-7007-12-29	pf_mg	463713866141433856
10.1186/1741-7007-12-29	BonteDries	463734101502328833
10.1186/1741-7007-12-29	luddyka	463736961594060800
10.1186/1741-7007-12-29	Neovit_org	463739006338207745
10.1186/1741-7007-12-29	amfoes	464189310518841344
10.1186/1741-7007-12-29	danieljhicks	467635366682722305
10.1186/1741-7007-12-29	glycomicslab	467989494797320192
10.1186/1741-7007-12-29	hussain_jaffery	470621927498076161
10.1186/1741-7007-12-29	AgEconomist	472727001854644224
10.1186/1741-7007-12-29	MU_Peter	474993107168419840
10.1186/1741-7007-12-29	BMCBiology	479640731209170944
10.1186/1741-7007-12-29	DavidAAnderson3	479647942681178115
10.1186/1741-7007-12-29	BMCBiology	486810610819403777
10.1186/1741-7007-12-29	BMCBiology	488645736809385985
10.1186/1741-7007-12-29	linsprolls	515447438111674368
10.1186/1741-7007-12-29	ezeleny	552613974835867648
10.1186/1741-7007-12-29	memoalexlope	554196459630120960
10.1186/1741-7007-12-29	biochemistries	586472441725247490
10.1186/1741-7007-12-29	fcasfer	603180800356524032
10.1186/1741-7007-12-36	BMCBiology	468371971013902336
10.1186/1741-7007-12-36	humorchallenged	468493691221716993
10.1186/1741-7007-12-36	jamoreno2010	468610413605961729
10.1186/1741-7007-12-36	OnCritical	468626720111611905
10.1186/1741-7007-12-36	BioMedCentral	468700989269508096
10.1186/1741-7007-12-36	wellcometrust	468701183000190976
10.1186/1741-7007-12-36	KentsisResearch	468701950436192256
10.1186/1741-7007-12-36	davetang31	468705393607065600
10.1186/1741-7007-12-36	OAgenetics	468735639547301888
10.1186/1741-7007-12-36	Archaellum	473784001183109120
10.1186/1741-7007-12-36	Jose_Oliver	476395316758183936
10.1186/1741-7007-12-36	BMCBiology	476745926812655617
10.1186/1741-7007-12-36	Opiniomics	504429655244697602
10.1186/1741-7007-12-36	BMCBiology	504570637265170432
10.1186/1741-7007-12-36	GenomeBiology	504573212806897664
10.1186/1741-7007-12-36	AgEconomist	504573605435699200
10.1186/1741-7007-12-36	Irshad_Usafzai	504575204907941888
10.1186/1741-7007-12-36	tyaoi3	504588453925773312
10.1186/1741-7007-12-36	jsherkow	504590808054788096
10.1186/1741-7007-12-36	FongQuitxa2	504586468481069056
10.1186/1741-7007-12-36	BassReelz	504628293728231424
10.1186/1741-7007-12-36	pedro_miura	504421752865161217
10.1186/1741-7007-12-36	Thomieh	507426195596509184
10.1186/1741-7007-12-36	BMCBiology	507457544642908160
10.1186/1741-7007-12-36	useless_ulysses	509252292525047808
10.1186/1741-7007-12-36	naomiattar	468467787871297536
10.1186/1741-7007-12-36	UOBengage	468708077261561856
10.1186/1741-7007-12-36	SONHSLKS	468710376008601600
10.1186/1741-7007-12-36	FionaPring	468714774428397568
10.1186/1741-7007-12-36	VidGajsek	468721527136223232
10.1186/1741-7007-12-36	BMCBiology	468739645053108224
10.1186/1741-7007-12-36	BMCBiology	469043176129720320
10.1186/1741-7007-12-36	pierrekerner	469454310729076736
10.1186/1741-7007-12-36	Alexis_Verger	469454257327190016
10.1186/1741-7007-12-36	timasaki	469455079343271936
10.1186/1741-7007-12-36	BMCBiology	469457379223158784
10.1186/1741-7007-12-36	tatinhawk	471329876528865281
10.1186/1741-7007-12-36	jvkohl	471627372589236224
10.1186/1741-7007-12-36	DharmaconGE	472047502515253249
10.1186/1741-7007-12-36	BMCBiology	472325625441943552
10.1186/1741-7007-12-36	JekelyLab	474849690987790337
10.1186/1741-7007-12-36	AneesaPhD	489288679614316544
10.1186/1741-7007-12-36	BMCBiology	489342220030726145
10.1186/1741-7007-12-36	TeamCentromere	504432793406156802
10.1186/1741-7007-12-36	BMCBiology	468414000267812864
10.1186/1741-7007-12-36	msrobeson	468414868610375680
10.1186/1741-7007-12-36	bio_alice	468415444161155072
10.1186/1741-7007-12-36	BMCBiology	468427976615669760
10.1186/1741-7007-12-36	rnomics	468824041705705473
10.1186/1741-7007-12-36	drbachinsky	471697681799065600
10.1186/1741-7007-12-36	The_Episiarch	476365007001640960
10.1186/1741-7007-12-36	HarmitMalik	504406917788102658
10.1186/1741-7007-12-36	arvidagren	504414845304078337
10.1186/1741-7007-12-36	RajaRagupathy	504810190789947395
10.1186/1741-7007-12-38	7Journals	481973448860635136
10.1186/1741-7007-12-38	OpposingThumb	482083145551187968
10.1186/1741-7007-12-38	peterkdearden	482463596425646080
10.1186/1741-7007-12-38	MadS100tist	482462880764534784
10.1186/1741-7007-12-38	Mujinaclass	482468695180972033
10.1186/1741-7007-12-38	fly_papers	482471273126064129
10.1186/1741-7007-12-38	virtualflybrain	482459190632648704
10.1186/1741-7007-12-38	albertcardona	482524962646130689
10.1186/1741-7007-12-38	RevoltScience	482595215841447936
10.1186/1741-7007-12-38	A_J_Millar	482605278563532800
10.1186/1741-7007-12-38	methylnick	483221049861894144
10.1186/1741-7007-12-38	samuelhlewis	483716696298237953
10.1186/1741-7007-12-38	pyjiang	483735496733237248
10.1186/1741-7007-12-38	nojilans	485029267718541312
10.1186/1741-7007-12-38	animalplantsci	485143567678312448
10.1186/1741-7007-12-38	TauberLab	502100584241967107
10.1186/1741-7007-12-38	kumppppp	514686859675332608
10.1186/1741-7007-12-38	BMCBiology	482133220709122048
10.1186/1741-7007-12-38	IanDworkin	482322377913561089
10.1186/1741-7007-12-38	Poppi62	482405037327798272
10.1186/1741-7007-12-38	IanDworkin	482883808551661568
10.1186/1741-7007-12-38	tomleeturner	482921538102910977
10.1186/1741-7007-12-38	jhalloy	482974091855802368
10.1186/1741-7007-12-38	yara_elena	483870432894799872
10.1186/1741-7007-12-38	harpactocrates	483911241279102978
10.1186/1741-7007-12-38	Lewis_Lab	483959586156601344
10.1186/1741-7007-12-38	BodoBrueckner	484601569846231040
10.1186/1741-7007-12-38	SteveQinEmory	484920987847110656
10.1186/1741-7007-12-38	MeoYo	484922281362472960
10.1186/1741-7007-12-38	monimunozto	489881376175296512
10.1186/1741-7007-12-38	BMCBiology	491157706888445953
10.1186/1741-7007-12-38	BMCBiology	502390699560796160
10.1186/1741-7007-12-38	AgEconomist	502394224344858625
10.1186/1741-7007-12-38	AndrewBellemer	546361887370514432
10.1186/1741-7007-12-38	BrainGrone	546360736012718080
10.1186/1741-7007-12-38	mbeisen	482156969038721024
10.1186/1741-7007-12-38	emilyjanedennis	482157962002432000
10.1186/1741-7007-12-38	PepeClavijoM	482158336188882944
10.1186/1741-7007-12-38	Roobina	482158236918104064
10.1186/1741-7007-12-38	loronet	482159149527359489
10.1186/1741-7007-12-38	joe_pickrell	482160133607538688
10.1186/1741-7007-12-38	Lord_of_Flyz	482165045392982019
10.1186/1741-7007-12-38	BMCBiology	482165687973339136
10.1186/1741-7007-12-38	nkonst4	482168751631388672
10.1186/1741-7007-12-38	Nitin_Phadnis	482169806871744512
10.1186/1741-7007-12-38	debivort	482170243486597121
10.1186/1741-7007-12-38	thisisrg1	482171241340477441
10.1186/1741-7007-12-38	christoper_hamm	482174317430456321
10.1186/1741-7007-12-38	brandonscooper	482220191103733761
10.1186/1741-7007-12-38	bendesky	482235642525810688
10.1186/1741-7007-12-38	deadsmiths	482252095089676288
10.1186/1741-7007-12-38	deadsmiths	482253373119266816
10.1186/1741-7007-12-38	mikechelen	482255968831832064
10.1186/1741-7007-12-38	brembs	483583415623901185
10.1186/1741-7007-12-38	PhilippBayer	483583744482095104
10.1186/1741-7007-12-8	lanaglama	430770239178309632
10.1186/1741-7007-12-8	ClarityCaring	429416047142510592
10.1186/1741-7007-12-8	OnCritical	429465577418006528
10.1186/1741-7007-12-8	Jules_Francais	430254039989624833
10.1186/1741-7007-12-8	MetabolismConf	430357532373450752
10.1186/1741-7007-12-8	Trends_Endo_Met	430372493673914369
10.1186/1741-7007-12-8	biomemagazine	430385431092293632
10.1186/1741-7007-12-8	NikolaiAdamski	431793428587094016
10.1186/1741-7007-12-8	satbhambra	430703363962187776
10.1186/1741-7007-12-8	drsteventucker	430704131158716416
10.1186/1741-7007-12-8	BMC_series	430707199334420480
10.1186/1741-7007-12-8	AlisynGayle	430708055102464000
10.1186/1741-7007-12-8	Piedadbio	430710781869842432
10.1186/1741-7007-12-8	Pharma_Mty	430872334031790082
10.1186/1741-7007-12-8	jonathandgjones	431700906204098560
10.1186/1741-7007-12-8	NellyPlants	431701043463069696
10.1186/1741-7007-12-8	5N_Afzal	431701242348204032
10.1186/1741-7007-12-8	PlantTeaching	431711220107055104
10.1186/1741-7007-12-8	popupcamptrout	431716134166208512
10.1186/1741-7007-12-8	SCIHorticulture	431728136741736448
10.1186/1741-7007-12-8	AlysFowler	431730451460665344
10.1186/1741-7007-12-8	memoalexlope	434645023393447937
10.1186/1741-7007-12-8	jendemontalk	438439326402101249
10.1186/1741-7007-12-8	boehninglab	444527909357625344
10.1186/1741-7007-12-8	stephenzook	445916592996491266
10.1186/1741-7007-12-8	centinel5051	446671273998172161
10.1186/1741-7007-12-8	PeterAttiaMD	446655169338417152
10.1186/1741-7007-12-8	DetroitfaninWi	446656833080791040
10.1186/1741-7007-12-8	bigtkirk	446656162843213825
10.1186/1741-7007-12-8	wt3	446658142726672384
10.1186/1741-7007-12-8	MartinGleeson4	446658333744054272
10.1186/1741-7007-12-8	littlesigh	446659948836306944
10.1186/1741-7007-12-8	JamesNamor	446662065252753408
10.1186/1741-7007-12-8	SeeSpondyRun	446663244405829632
10.1186/1741-7007-12-8	Der_Evert	446664923960328192
10.1186/1741-7007-12-8	run2avid4fun	446672452202950656
10.1186/1741-7007-12-8	raphaels7	446674102624202752
10.1186/1741-7007-12-8	Blatherus	446674303698743296
10.1186/1741-7007-12-8	Nutridietas	446673057877618689
10.1186/1741-7007-12-8	formulaqeh4	446682207181348864
10.1186/1741-7007-12-8	Firefly_fan	446689639613493248
10.1186/1741-7007-12-8	basicbare	446708043594870784
10.1186/1741-7007-12-8	obesitypolicy	446725808443621376
10.1186/1741-7007-12-8	GerardPinzone	446724449581428736
10.1186/1741-7007-12-8	atballantine	446737403546316801
10.1186/1741-7007-12-8	AHealthSocNZ	446746760455528448
10.1186/1741-7007-12-8	SalMarinello	446735056108007424
10.1186/1741-7007-12-8	Firefly_fan	447127762328125440
10.1186/1741-7007-12-8	potsandkettles	447765171587788800
10.1186/1741-7007-12-8	cafeportmoody	448255579455496193
10.1186/1741-7007-12-8	lazareen13	448941963677822976
10.1186/1741-7007-12-8	EnergySlim	450400870178381824
10.1186/1741-7007-12-8	IQuitSugar	450398170044825600
10.1186/1741-7007-12-8	remedies_r_us	450403387612618752
10.1186/1741-7007-12-8	SandyOLMI	450405569263046656
10.1186/1741-7007-12-8	Pezzamystic1	450089658538414080
10.1186/1741-7007-12-8	Anjuli_nz	450089967272747008
10.1186/1741-7007-12-8	ozgipsy	450090978959843329
10.1186/1741-7007-12-8	yorlaurenryan	450091101475446784
10.1186/1741-7007-12-8	aaronshanelee	450091348272484352
10.1186/1741-7007-12-8	CupcakeCornerUK	449670000086089728
10.1186/1741-7007-12-8	Wellbesity	449663918680453120
10.1186/1741-7007-12-8	AmyForbes1	450119813541527552
10.1186/1741-7007-12-8	hoochiemumma09	450098044596285440
10.1186/1741-7007-12-8	adolfont	449848604275277824
10.1186/1741-7007-12-8	azvbgirl	449837941125173248
10.1186/1741-7007-12-8	OilMed	449837241414975488
10.1186/1741-7007-12-8	Hypervibe_AU	449823799853457409
10.1186/1741-7007-12-8	cpearsonnz	449771108699353088
10.1186/1741-7007-12-8	DhirenSalian	449737039072600065
10.1186/1741-7007-12-8	wt3	449722810471317506
10.1186/1741-7007-12-8	deucie07	449710439715196928
10.1186/1741-7007-12-8	cmaye35	449704906098999296
10.1186/1741-7007-12-8	TMagierowski	449693227155603456
10.1186/1741-7007-12-8	nilbarcodefood	449691904729300992
10.1186/1741-7007-12-8	DominiqueLottes	449686166166839296
10.1186/1741-7007-12-8	Andrew_Roane	449682900167180289
10.1186/1741-7007-12-8	P1NDSTER	449679309092184064
10.1186/1741-7007-12-8	AdamLow1	449679139876786176
10.1186/1741-7007-12-8	alphagrilla	449677633580969984
10.1186/1741-7007-12-8	PF_Geo	449676939666530304
10.1186/1741-7007-12-8	silviatremoleda	449675743862464512
10.1186/1741-7007-12-8	diegoevin	449675560890171392
10.1186/1741-7007-12-8	oluies	449670532569776128
10.1186/1741-7007-12-8	VisionBundall	449671282301218816
10.1186/1741-7007-12-8	VisionBundall	449671165309894657
10.1186/1741-7007-12-8	whatisrealfood	449670110005841920
10.1186/1741-7007-12-8	DrGusChiro	449669118463983616
10.1186/1741-7007-12-8	bemyprimate	449667702932914176
10.1186/1741-7007-12-8	tmotola	449666884318027777
10.1186/1741-7007-12-8	StopSexTrade	449666166210826240
10.1186/1741-7007-12-8	nicolebeth	449666064876843009
10.1186/1741-7007-12-8	katherinemccoy	449665753021956096
10.1186/1741-7007-12-8	tolivetolaugh	449664602339414016
10.1186/1741-7007-12-8	Mark_Sisson	449662232990068737
10.1186/1741-7007-12-8	actvnutritional	449664047437185024
10.1186/1741-7007-12-8	gigiabbrescia	449665721048768514
10.1186/1741-7007-12-8	brentkearney	449666498760425472
10.1186/1741-7007-12-8	omctc	449727620381687808
10.1186/1741-7007-12-8	FullPotential4U	449968605703065600
10.1186/1741-7007-12-8	_sarahwilson_	450089593312780288
10.1186/1741-7007-12-8	AnnaFranklinVP	450091717325115392
10.1186/1741-7007-12-8	angelicaorganic	450099176123019264
10.1186/1741-7007-12-8	mostrolenk	450326004528336896
10.1186/1741-7007-12-8	ForgedCyclist	450313613027192832
10.1186/1741-7007-12-8	pathtobirth	450388642926559232
10.1186/1741-7007-12-8	debjlew	450399873238847488
10.1186/1741-7007-12-8	peter_makin	450411928473456640
10.1186/1741-7007-12-8	lawsonyale	450711405553938432
10.1186/1741-7007-12-8	jose8a	450907513517387776
10.1186/1741-7007-12-8	PaulNakroshis	451329196602961920
10.1186/1741-7007-12-8	woodlandsfoodie	451398002108669953
10.1186/1741-7007-12-8	verdeannie	452575229882400768
10.1186/1741-7007-12-8	lnkresearchtool	452670143219634176
10.1186/1741-7007-12-8	suelaw14	458016065688440832
10.1186/1741-7007-12-8	CNELM1	458627950460821504
10.1186/1741-7007-12-8	Biocyclist	471741858503090178
10.1186/1741-7007-12-8	jonathandgjones	476258107077951488
10.1186/1741-7007-12-8	mtkunesh	554267927890104320
10.1186/1741-7007-12-8	SheilaDillon	501704533660405760
10.1186/1741-7007-12-8	carolineb3ll	501707426669031424
10.1186/1741-7007-12-8	essjayeff	501707424324022272
10.1186/1741-7007-12-8	ClubTruFfle	501711100921274368
10.1186/1741-7007-12-8	greytortoise	501723395135119360
10.1186/1741-7007-12-8	BMCBiology	501753694502014976
10.1186/1741-7007-12-8	petercobby	514406343583989760
10.1186/1741-7007-12-8	AnneDiers	535588001339162624
10.1186/1741-7007-12-8	SmithMrs0286	535592188411772928
10.1186/1741-7007-12-8	BPDranka	535610318609592320
10.1186/1741-7007-12-8	SFRBM	535589389129093120
10.1186/1741-7007-12-8	GWISci	535593342055116800
10.1186/1741-7007-12-8	BMCBiology	535768582207320064
10.1186/1741-7007-12-8	NadineHempel	536996015958933504
10.1186/1741-7007-12-8	BioMedCentral	429297034332753921
10.1186/1741-7007-12-8	kukweb	429301549211193345
10.1186/1741-7007-12-8	MyAtkins	429302556712796160
10.1186/1741-7007-12-8	chasescience	429303535818129408
10.1186/1741-7007-12-8	lmnxcassie	429297198602264576
10.1186/1741-7007-12-8	MetabolismConf	430118186026303488
10.1186/1741-7007-12-8	MetabolismConf	430391206821265408
10.1186/1741-7007-12-8	BioMedCentral	430702606923882496
10.1186/1741-7007-12-8	trotmanlab	431269262716862464
10.1186/1741-7007-12-8	talbotlabexeter	431702808916934656
10.1186/1741-7007-12-8	Paul_in_Aber	431712575944810497
10.1186/1741-7007-12-8	popupcamptrout	431716351086841857
10.1186/1741-7007-12-8	ACountyGurl	431733085814943744
10.1186/1741-7007-12-8	kittyFitz50	435687550661832704
10.1186/1741-7007-12-8	MetabolismConf	435916413430419456
10.1186/1741-7007-12-8	jonathandgjones	436421906959716352
10.1186/1741-7007-12-8	MetabolismConf	441591579472826368
10.1186/1741-7007-12-8	Matt_WBTW	445915059148312576
10.1186/1741-7007-12-8	BarbellBuddhism	446674160010289153
10.1186/1741-7007-12-8	BlakeGru	446680868560453632
10.1186/1741-7007-12-8	thoughtsnippet	446681791639080960
10.1186/1741-7007-12-8	nigelwickenden	446682131352551424
10.1186/1741-7007-12-8	pswoods	446693906588000256
10.1186/1741-7007-12-8	Tony_Pettinato	446694719360598017
10.1186/1741-7007-12-8	thebrianmartin	446706412127653888
10.1186/1741-7007-12-8	seitics	446707489330192384
10.1186/1741-7007-12-8	totkat	446709120427896832
10.1186/1741-7007-12-8	ProfTimNoakes	446711486425993216
10.1186/1741-7007-12-8	CaseyHinds	446713813128056833
10.1186/1741-7007-12-8	jabenitez88	446743347919859712
10.1186/1741-7007-12-8	Whole9SoPacific	446749507347169280
10.1186/1741-7007-12-8	_Searing	446935821904805888
10.1186/1741-7007-12-8	neal_cz	446986335841026048
10.1186/1741-7007-12-8	albertinquiet	447015167998849024
10.1186/1741-7007-12-8	nacho_zizou	447018663858950144
10.1186/1741-7007-12-8	StuartBuck1	447747778811138050
10.1186/1741-7007-12-8	nebutron	449721222637424640
10.1186/1741-7007-12-8	UKPaleoBritain	449800607332057088
10.1186/1741-7007-12-8	siacee	450156164278263808
10.1186/1741-7007-12-8	annaventuress	450166649610862592
10.1186/1741-7007-12-8	bluebellsays	450194114437738496
10.1186/1741-7007-12-8	cosmiccandace	450214624584273920
10.1186/1741-7007-12-8	SH10KM	450589281883398146
10.1186/1741-7007-12-8	UnbeatableLife	450709405685022720
10.1186/1741-7007-12-8	LOVVIT_	450720307289280512
10.1186/1741-7007-12-8	_bychristina	459979352672051200
10.1186/1741-7007-12-8	All4thelight	461861186733371392
10.1186/1741-7007-12-8	BMCBiology	476291644464304128
10.1186/1741-7007-12-8	BioMedCentral	501763044201230336
10.1186/1741-7007-12-8	AnandWilson91	501764939418443776
10.1186/1741-7007-12-8	koacoustic	501767463076630529
10.1186/1741-7007-12-8	aswarren	501768063856181248
10.1186/1741-7007-12-8	timmattmum	501802088641626113
10.1186/1741-7007-12-8	saul_goodman__	501803151281115137
10.1186/1741-7007-12-8	andrewprice	501804227073933314
10.1186/1741-7007-12-8	dawnwatts2	502538775927750656
10.1186/1741-7007-12-8	MetabolismConf	429257509439041536
10.1186/1741-7007-12-8	FlavourJournal	429257623914164224
10.1186/1741-7007-12-8	drbenjohnson	429257669032292352
10.1186/1741-7007-12-8	BMCBiology	429261603834318848
10.1186/1741-7007-12-8	MetabolismConf	429263865944502272
10.1186/1741-7007-12-8	MetabolismConf	429265375969427456
10.1186/1741-7007-12-8	opentechmatt	429264035545370624
10.1186/1741-7007-12-8	kamkmk	429255431731826688
10.1186/1741-7007-12-8	LomaxPhD	431755159178579968
10.1186/1741-7007-12-8	meter	431779042312740864
10.1186/1741-7007-12-8	erikfyhom	431780539863801856
10.1186/1741-7007-12-8	I_Rubio_Somoza	431790888734306304
10.1186/1741-7007-12-8	alvagraul	431799590510022656
10.1186/1741-7007-12-8	kimmcdt	431802790977875968
10.1186/1741-7007-12-8	rc_rayne	431807979952668672
10.1186/1741-7007-12-8	franknfoode	436530379277606912
10.1186/1741-7007-12-8	markushinka	436531345062645760
10.1186/1741-7007-12-8	lrk93101	446800414579507200
10.1186/1741-7007-12-8	johnpane	446807560507510785
10.1186/1741-7007-12-8	TrainingInNYC	446814435546382336
10.1186/1741-7007-12-8	PaulNakroshis	446817362344296448
10.1186/1741-7007-12-8	tommyconneely	450011384185880576
10.1186/1741-7007-12-8	nigelwickenden	450651252066902016
10.1186/1741-7007-12-8	LCCotter	450702062020345856
10.1186/1741-7007-12-8	cKdisco	452590528417497088
10.1186/1741-7007-12-8	cemper_at	452679636817051648
10.1186/1741-7007-12-8	cemper	452719356716519424
10.1186/1741-7007-12-8	naturopatica	458705639946985472
10.1186/1741-7007-12-8	RebeccaNelmes	459246770246397952
10.1186/1741-7007-12-8	tjmb45	459248402954747904
10.1186/1741-7007-12-8	DCOutreachInc	501869025073180672
10.1186/1741-7007-12-8	SabineAppleby	568469699442421760
10.1186/1741-7007-12-8	dreamchild720	568552666223095808
10.1186/1741-7007-12-8	sandyzombie	568985013653385216
10.1186/s12915-014-0069-1	VanBonn	503207315877941248
10.1186/s12915-014-0069-1	phylogenomics	510500243142873088
10.1186/s12915-014-0069-1	doe_jgi	504300063057649666
10.1186/s12915-014-0069-1	BioFrontiers	502860612817256448
10.1186/s12915-014-0069-1	HHMINEWS	502794823490084865
10.1186/s12915-014-0069-1	UseqMiseq	502796977139363840
10.1186/s12915-014-0069-1	BMCBiology	502796883740602368
10.1186/s12915-014-0069-1	Gut_Goddess	502798297640091648
10.1186/s12915-014-0069-1	Stewart_Barker	502798506143535105
10.1186/s12915-014-0069-1	ambulanzen	502800497947209728
10.1186/s12915-014-0069-1	BMCBiology	502801632602898432
10.1186/s12915-014-0069-1	gilbertjacka	502792948363583488
10.1186/s12915-014-0069-1	gilbertjacka	502797769137213441
10.1186/s12915-014-0069-1	zach_cp	502814506255667200
10.1186/s12915-014-0069-1	7Journals	502825658091720704
10.1186/s12915-014-0069-1	redefininghuman	502830678925656066
10.1186/s12915-014-0069-1	BioMedCentral	502837734038601729
10.1186/s12915-014-0069-1	PharmaAndHealth	502828354702434304
10.1186/s12915-014-0069-1	msmjetten	502857298013073408
10.1186/s12915-014-0069-1	KuehnOnline	502858604358430721
10.1186/s12915-014-0069-1	aaron_best	503201025072054272
10.1186/s12915-014-0069-1	gibbological	503245575047753728
10.1186/s12915-014-0069-1	appbioEC	503572236653965313
10.1186/s12915-014-0069-1	MarcelGutCo	503585925373251584
10.1186/s12915-014-0069-1	mavijims	503588439246532609
10.1186/s12915-014-0069-1	ProfAbelMendez	503644315264880640
10.1186/s12915-014-0069-1	mcdonadt	503831422704959489
10.1186/s12915-014-0069-1	Tyu_Shi	503828514336825345
10.1186/s12915-014-0069-1	jianjunwang	503911720968921088
10.1186/s12915-014-0069-1	BMCBiology	504254709944033280
10.1186/s12915-014-0069-1	Ceballos_Gene	504255069320392704
10.1186/s12915-014-0069-1	scopedbylarry	504308106269302784
10.1186/s12915-014-0069-1	gilbertjacka	504392062205046784
10.1186/s12915-014-0069-1	appbioEC	505819624391180288
10.1186/s12915-014-0069-1	BMCBiology	506760509992230913
10.1186/s12915-014-0069-1	mezambra	506877215208796160
10.1186/s12915-014-0069-1	pmctrawler	509101884192223232
10.1186/s12915-014-0069-1	PubMedCommons	510498784309432320
10.1186/s12915-014-0069-1	Dr24hours	510499043072827394
10.1186/s12915-014-0069-1	hslibjabsom	511968122841346048
10.1186/s12915-014-0069-1	fiedawn	531202985616232448
10.1186/s12915-014-0069-1	BMCBiology	531768054532014080
10.1186/s12915-014-0069-1	LianeGBenning	531818463783034881
10.1186/s12915-014-0069-1	microbialmatt	531849404924563456
10.1186/s12915-014-0069-1	BAT_Slaby	532080912289501185
10.1186/s12915-014-0069-1	MicrobiomeJ	531815664844275712
10.1186/s12915-014-0069-1	BMCBiology	502778249647497216
10.1186/s12915-014-0069-1	gilbertjacka	502788714515668993
10.1186/s12915-014-0069-1	LianeGBenning	502789121530949632
10.1186/s12915-014-0069-1	GenomeBiology	502790023901888514
10.1186/s12915-014-0069-1	RuanCMont	502790122187018240
10.1186/s12915-014-0069-1	Hofmockel	502790364726833152
10.1186/s12915-014-0069-1	fmartin1954	502791151389511680
10.1186/s12915-014-0069-1	C57D	502791236764196865
10.1186/s12915-014-0069-1	KevinADavies	502794007270137856
10.1186/s12915-014-0069-1	GOrizaola	502795580956233728
10.1186/s12915-014-0069-1	DrJCThrash	502795670189637632
10.1186/s12915-014-0069-1	UseqMiseq	502796405988392960
10.1186/s12915-014-0069-1	mrajayk	502922814723084296
10.1186/s12915-014-0069-1	rnomics	502961076284452864
10.1186/s12915-014-0069-1	dmrmay	503005314933727232
10.1186/s12915-014-0069-1	Bio_Logos	503052508823298048
10.1186/s12915-014-0069-1	mcdonadt	503353642351484928
10.1186/s12915-014-0069-1	gilbertjacka	503827900093579264
10.1186/s12915-014-0069-1	hollybik	504053624025415680
10.1186/s12915-014-0069-1	rmacpherson	504056302415659008
10.1186/s12915-014-0069-1	asmkelly	504307757319979008
10.1186/s12915-014-0069-1	Barkerjas	504312592932687872
10.1186/s12915-014-0069-1	MAESE_MASON	504315095930126337
10.1186/s12915-014-0069-1	MicrobiomDigest	504328885077438464
10.1186/s12915-014-0069-1	seanpj001	504545404558782464
10.1186/s12915-014-0069-1	druvus	505020773191655424
10.1186/s12915-014-0069-1	HHMINEWS	505157597104570368
10.1186/s12915-014-0069-1	VirtualMagic1	505157872154841088
10.1186/s12915-014-0069-1	mousemusculus	506049734235394048
10.1186/s12915-014-0069-1	drbachinsky	503178010141679616
10.1186/s12915-014-0069-1	msmjetten	503202555183525888
10.1186/s12915-014-0069-1	DrMicrobeson	503208985202143232
10.1186/s12915-014-0069-1	Gut_Goddess	503256432456654848
10.1186/s12915-014-0069-1	Rachel_I_Adams	504350861469171712
10.1186/s12915-014-0069-1	gilbertjacka	504392080613851136
10.1186/s12915-014-0069-1	pfanderson	504392168346103810
10.1186/s12915-014-0069-1	DrBronquio	504396637406773249
10.1186/s12915-014-0069-1	KmrSnkrn	504722596366393344
10.1186/s12915-014-0069-1	gilbertjacka	503190134792388608
10.1186/s12915-014-0069-1	joshdneufeld	503190312605335553
10.1186/s12915-014-0069-1	infotroph	573155972211982336
10.1186/s12915-014-0069-1	aprilarcus	573169045454774273
10.1186/s12915-014-0076-2	StudioBaum	552938039916630016
10.1186/s12915-014-0076-2	mcmomany	550714016990265344
10.1186/s12915-014-0076-2	hfalet	550686705108660227
10.1186/s12915-014-0076-2	Mollymew1	544652567188213761
10.1186/s12915-014-0076-2	FreecrayFree	544495174349373440
10.1186/s12915-014-0076-2	BMCBiology	544493845002870784
10.1186/s12915-014-0076-2	y_kobae	546500129960636416
10.1186/s12915-014-0076-2	reclaimifytest	527121112208244736
10.1186/s12915-014-0076-2	HNTweets	527120109215555584
10.1186/s12915-014-0076-2	hackernewsrss	527121149734686720
10.1186/s12915-014-0076-2	_hnyc	527121083296915456
10.1186/s12915-014-0076-2	pwebmedia	527125135640518656
10.1186/s12915-014-0076-2	nobelsn	527125795656196096
10.1186/s12915-014-0076-2	jcusens	547128190171611136
10.1186/s12915-014-0076-2	BibCCBSUFCG	527040114980323329
10.1186/s12915-014-0076-2	BibCCBSUFCG	527040104636768257
10.1186/s12915-014-0076-2	jamnic77	527099836890238976
10.1186/s12915-014-0076-2	Separations001	526983297050902528
10.1186/s12915-014-0076-2	Separations1	526983310749077505
10.1186/s12915-014-0076-2	BaumBuzz	526988363208065025
10.1186/s12915-014-0076-2	christlet	527029080731176960
10.1186/s12915-014-0076-2	christlet	527028831413370880
10.1186/s12915-014-0076-2	clathrin	527029277519536128
10.1186/s12915-014-0076-2	ChercheursdActu	527029506834714624
10.1186/s12915-014-0076-2	AMartinezArias	527029756517048320
10.1186/s12915-014-0076-2	G_Frasca	527030000827256832
10.1186/s12915-014-0076-2	andimi_	527031432259309568
10.1186/s12915-014-0076-2	ManuelTHERY	527031804826746880
10.1186/s12915-014-0076-2	susaopina	527032599496392704
10.1186/s12915-014-0076-2	Mad_PhD	527034739774210048
10.1186/s12915-014-0076-2	andimi_	527035457637720064
10.1186/s12915-014-0076-2	BornCor	527120572069982208
10.1186/s12915-014-0076-2	VincAppman	527121116524191744
10.1186/s12915-014-0076-2	TechnologyNomad	527120967840313344
10.1186/s12915-014-0076-2	pradeepbheron	527121404370890753
10.1186/s12915-014-0076-2	retweetnewsorg	527121602404966400
10.1186/s12915-014-0076-2	CMaurange	527121703277961217
10.1186/s12915-014-0076-2	WebStartupGroup	527122302002290688
10.1186/s12915-014-0076-2	devnewsbot	527122218950864896
10.1186/s12915-014-0076-2	140strtp	527122611210575873
10.1186/s12915-014-0076-2	HackerTheArtist	527122727099174912
10.1186/s12915-014-0076-2	DeShawn_Mann	527122691162386432
10.1186/s12915-014-0076-2	newsycbot	527122893709516800
10.1186/s12915-014-0076-2	hn_rotub	527123824480108545
10.1186/s12915-014-0076-2	Un1v3rs0Z3r0	527123935440429057
10.1186/s12915-014-0076-2	davidcamachoj	527126860581593088
10.1186/s12915-014-0076-2	ibridazioni	527157079937527809
10.1186/s12915-014-0076-2	BioMedCentral	527459561100546048
10.1186/s12915-014-0076-2	rissa_mustika	527461719962968065
10.1186/s12915-014-0076-2	MAC092	527462338371543040
10.1186/s12915-014-0076-2	noricorino	527470677847068673
10.1186/s12915-014-0076-2	BiodiversityUDE	527475987735670784
10.1186/s12915-014-0076-2	natgosselin	527477333788471296
10.1186/s12915-014-0076-2	Proteintech	527480603999236096
10.1186/s12915-014-0076-2	BMCBiology	527506171369107456
10.1186/s12915-014-0076-2	azali_azlan	527610593360883712
10.1186/s12915-014-0076-2	UKSpaceLABS	527757258672046080
10.1186/s12915-014-0076-2	monalisa1n	527757555754598400
10.1186/s12915-014-0076-2	BioMedCentral	527776524158914560
10.1186/s12915-014-0076-2	phylogenomics	527794484147265536
10.1186/s12915-014-0076-2	_jdevos_	527796060572639232
10.1186/s12915-014-0076-2	lw208xx	527814487475511296
10.1186/s12915-014-0076-2	FoxandtheFlu	527828794220875776
10.1186/s12915-014-0076-2	BMCBiology	527835452603375616
10.1186/s12915-014-0076-2	avinashtn	527847004119248896
10.1186/s12915-014-0076-2	ctskennerton	527166710046945280
10.1186/s12915-014-0076-2	MU_Peter	528274250059501568
10.1186/s12915-014-0076-2	KonSciencePod	529542614279000064
10.1186/s12915-014-0076-2	KonSciencePod	529542588366598144
10.1186/s12915-014-0076-2	KonSciencePod	529542657002201088
10.1186/s12915-014-0076-2	KonSciencePod	529542814867419136
10.1186/s12915-014-0076-2	BioMedCentral	529709739912232961
10.1186/s12915-014-0076-2	R_LeonKennedy_E	529715063679365120
10.1186/s12915-014-0076-2	Aisha12895124	529716289275973632
10.1186/s12915-014-0076-2	mykoolhariss	529717583625588736
10.1186/s12915-014-0076-2	CRGenomica	529721617774313472
10.1186/s12915-014-0076-2	LigoxygakisLab	529759330871296001
10.1186/s12915-014-0076-2	GECellBiology	530000613275602944
10.1186/s12915-014-0076-2	naomiattar	530489736411250689
10.1186/s12915-014-0076-2	PD_value	530041432384749569
10.1186/s12915-014-0076-2	ManoloSanchezA	530689930415329280
10.1186/s12915-014-0076-2	BMCBiology	530660045047218176
10.1186/s12915-014-0076-2	Alba_p_m	530701625766469632
10.1186/s12915-014-0076-2	Mercedesvillac	530702559573733376
10.1186/s12915-014-0076-2	lexinerus	530981408173735936
10.1186/s12915-014-0076-2	sanjaybhatikar	530982222518448128
10.1186/s12915-014-0076-2	lexinerus	531014353970278400
10.1186/s12915-014-0076-2	FrommeLab	531039691525853185
10.1186/s12915-014-0076-2	Pathh1	531178222772555778
10.1186/s12915-014-0076-2	gbaucom	531178549534031872
10.1186/s12915-014-0076-2	AaronListon	531180609742204928
10.1186/s12915-014-0076-2	MrA_Laf	531432604533522432
10.1186/s12915-014-0076-2	lexinerus	531863215249305601
10.1186/s12915-014-0076-2	Science_Reddit	531846158596177920
10.1186/s12915-014-0076-2	attucus	531857120971350016
10.1186/s12915-014-0076-2	NewInScifi	531860574540689410
10.1186/s12915-014-0076-2	AtheistAnalysis	531879865805324288
10.1186/s12915-014-0076-2	christ0583	531881258910253056
10.1186/s12915-014-0076-2	cagrimbakirci	531863546116571136
10.1186/s12915-014-0076-2	toqlip	531862118132625408
10.1186/s12915-014-0076-2	rhuid	531857126000312320
10.1186/s12915-014-0076-2	sue9a	532028867502800897
10.1186/s12915-014-0076-2	therecklessowl	532219550222139392
10.1186/s12915-014-0076-2	aartvi42	532368675022446592
10.1186/s12915-014-0076-2	lund_ole	533360492526718976
10.1186/s12915-014-0076-2	Mirus_Bio	534361695880511488
10.1186/s12915-014-0076-2	TheGoldRoot	535817019157790722
10.1186/s12915-014-0076-2	AdamHartScience	535829106030813184
10.1186/s12915-014-0076-2	BMCBiology	535831604602863616
10.1186/s12915-014-0076-2	uglosbioscience	536246629519855616
10.1186/s12915-014-0076-2	markgerstein	536267074696658944
10.1186/s12915-014-0076-2	Matth_Chavent	536269961262804992
10.1186/s12915-014-0076-2	Alfons_Valencia	536271689685143552
10.1186/s12915-014-0076-2	LussierY	536354715815403520
10.1186/s12915-014-0076-2	ThomasSci	540208568977604608
10.1186/s12915-014-0076-2	ledysabrina	540209039641026560
10.1186/s12915-014-0076-2	MarkACTS	540226586944229376
10.1186/s12915-014-0076-2	amarois	527039551978885120
10.1186/s12915-014-0076-2	BMCBiology	527039925817188353
10.1186/s12915-014-0076-2	tomroud	527062830277591041
10.1186/s12915-014-0076-2	ag_benoit	527065845110177792
10.1186/s12915-014-0076-2	albertcardona	527067451474075648
10.1186/s12915-014-0076-2	pixeltoo	527067393965977600
10.1186/s12915-014-0076-2	DrJCThrash	527071887612850176
10.1186/s12915-014-0076-2	flowing	527364538422026240
10.1186/s12915-014-0076-2	ayuk74	527379076902707201
10.1186/s12915-014-0076-2	BMCBiology	527398549273985024
10.1186/s12915-014-0076-2	BioMedCentral	527399468799651840
10.1186/s12915-014-0076-2	HansZauner	527400537525067776
10.1186/s12915-014-0076-2	Lab_Journal	527418420091162624
10.1186/s12915-014-0076-2	Zernunft	527418942848262146
10.1186/s12915-014-0076-2	KonSciencePod	527422352502833153
10.1186/s12915-014-0076-2	herbological	527513378101936129
10.1186/s12915-014-0076-2	ScentScience	527525227635675136
10.1186/s12915-014-0076-2	BaumBuzz	527712151751118848
10.1186/s12915-014-0076-2	nicolabiologist	527786171527872512
10.1186/s12915-014-0076-2	BMCBiology	527869443507228672
10.1186/s12915-014-0076-2	aedelsparre	527894691237613570
10.1186/s12915-014-0076-2	efrabiology	529774957832581120
10.1186/s12915-014-0076-2	dmrmay	529850002898960385
10.1186/s12915-014-0076-2	BlacknGoldFool	530001955406774272
10.1186/s12915-014-0076-2	SpringerCellBio	530001771390066688
10.1186/s12915-014-0076-2	Bmissciencesec	530004222285471744
10.1186/s12915-014-0076-2	AriadnR	530005793656295424
10.1186/s12915-014-0076-2	bio_utmn	530010016427048960
10.1186/s12915-014-0076-2	amfoes	531038511739441153
10.1186/s12915-014-0076-2	naomiattar	536799691229650944
10.1186/s12915-014-0076-2	BMCBiology	536843820491874304
10.1186/s12915-014-0076-2	tidio634	541730836077617153
10.1186/s12915-014-0076-2	kbst_1999	546531159589416960
10.1186/s12915-014-0076-2	senmuy	546500990745075712
10.1186/s12915-014-0076-2	dromius	545872433811828736
10.1186/s12915-014-0076-2	JP_SuarezChacon	545908145676378112
10.1186/s12915-014-0076-2	idjoly	545910183395090432
10.1186/s12915-014-0076-2	BMCBiology	545946864684896256
10.1186/s12915-014-0076-2	Ceballos_Gene	545953806333517824
10.1186/s12915-014-0076-2	copepodo	545954810370207744
10.1186/s12915-014-0076-2	msprinetti	545971468325376000
10.1186/s12915-014-0076-2	Science_News1	526914690103115776
10.1186/s12915-014-0076-2	rapiduplift	527300867972550656
10.1186/s12915-014-0076-2	mxduki	527571565345783809
10.1186/s12915-014-0076-2	loganwcole	527573312164360192
10.1186/s12915-014-0076-2	CPoreoK	527613022131322880
10.1186/s12915-014-0076-2	FilipHusnik	527936438105432064
10.1186/s12915-014-0076-2	ToniGordonia	527943252042084353
10.1186/s12915-014-0076-2	BMCBiology	529608533579661312
10.1186/s12915-014-0076-2	BMCBiology	529933674834579457
10.1186/s12915-014-0076-2	LEELAKAPOOR1	529933813300740096
10.1186/s12915-014-0076-2	PlantTeaching	530981115138306048
10.1186/s12915-014-0076-2	sanjaybhatikar	530982201840508929
10.1186/s12915-014-0076-2	Profdalewalters	531005968323465216
10.1186/s12915-014-0076-2	Tolga_Bzkrt	531011707163140097
10.1186/s12915-014-0076-2	yara_elena	547057503880880128
10.1186/s12915-014-0076-2	UCSB_OakleyLab	547058173555662848
10.1186/s12915-014-0076-2	Bassyone	547261112362618880
10.1186/s12915-014-0076-2	guyleonard	550668407050612736
10.1186/s12915-014-0076-2	F1000	550668249479004161
10.1186/s12915-014-0076-2	GCU_Flotta	550668442408615936
10.1186/s12915-014-0076-2	vii_science	550669514526830593
10.1186/s12915-014-0076-2	dbkell	550670375781421056
10.1186/s12915-014-0076-2	BabuAdhimoolam	550671040083656704
10.1186/s12915-014-0076-2	JohnBryant1404	550671885890248704
10.1186/s12915-014-0076-2	svenvij	550739647421480960
10.1186/s12915-014-0076-2	gawbul	552835921465593856
10.1186/s12915-014-0076-2	KornmannLab	553515290727038978
10.1186/s12915-014-0076-2	ScienceNowIndia	554237251215831040
10.1186/s12915-014-0076-2	GodWorksOut	556355697433391104
10.1186/s12915-014-0076-2	lexinerus	556356844634259456
10.1186/s12915-014-0076-2	pauldennyuk	556354758223888385
10.1186/s12915-014-0076-2	Symbionticism	557663394854359040
10.1186/s12915-014-0076-2	Barkerjas	557668185240252416
10.1186/s12915-014-0076-2	markowenmartin	557673066936152065
10.1186/s12915-014-0076-2	3rdreviewer	557719559579648002
10.1186/s12915-014-0076-2	virome_girl	558700624259592194
10.1186/s12915-014-0076-2	existais	560877701876420608
10.1186/s12915-014-0076-2	ErichMSchwarz	565276977247322114
10.1186/s12915-014-0076-2	barrygoldman1	567316251807342592
10.1186/s12915-014-0076-2	ks_himawari	569297549208588288
10.1186/s12915-014-0076-2	copypasteusa	569242180570607616
10.1186/s12915-014-0076-2	copypasteusa	569235196156841984
10.1186/s12915-014-0076-2	oh3kqd	576414730589466626
10.1186/s12915-014-0076-2	aimee_e27	601766411145506817
10.1186/s12915-014-0076-2	Biosci_PhD	601767132251213824
10.1186/s12915-014-0076-2	CampOther	601780471870005248
10.1186/s12915-014-0087-z	ChihHorngKuo	532560584412102656
10.1186/s12915-014-0087-z	vloux	555400959363649536
10.1186/s12915-014-0087-z	pop_gen_JED	553965062860595200
10.1186/s12915-014-0087-z	F1000	544855028385980417
10.1186/s12915-014-0087-z	ppflrs	543035453796917249
10.1186/s12915-014-0087-z	LabCeccarelli	546835760725630976
10.1186/s12915-014-0087-z	plmlee1	546858696609775616
10.1186/s12915-014-0087-z	TomDenes	532367399492665345
10.1186/s12915-014-0087-z	7Journals	532370379826663425
10.1186/s12915-014-0087-z	AusSMC	532379013654667264
10.1186/s12915-014-0087-z	pathogenomenick	532447766572957696
10.1186/s12915-014-0087-z	jennomics	532447861070639104
10.1186/s12915-014-0087-z	winstanley_c	532453129825312768
10.1186/s12915-014-0087-z	gedankenstuecke	532455281461321728
10.1186/s12915-014-0087-z	me_myself_andY	532455207586627584
10.1186/s12915-014-0087-z	meabhym	532458260918726656
10.1186/s12915-014-0087-z	ZaminIqbal	532461147950448640
10.1186/s12915-014-0087-z	WvSchaik	532461837301088256
10.1186/s12915-014-0087-z	tilmweber	532458536228634625
10.1186/s12915-014-0087-z	ChrispinChaguza	532465844056768512
10.1186/s12915-014-0087-z	JenLeeParker	532466235628597248
10.1186/s12915-014-0087-z	Zannah_Du	532466455724716032
10.1186/s12915-014-0087-z	CosteaPaul	532466550247526400
10.1186/s12915-014-0087-z	ChrispinChaguza	532466953987051520
10.1186/s12915-014-0087-z	pathogenomenick	532467444682874881
10.1186/s12915-014-0087-z	bucksci	532468330574397440
10.1186/s12915-014-0087-z	OtagoGenomics	532468325423792128
10.1186/s12915-014-0087-z	jonotter	532468857265725440
10.1186/s12915-014-0087-z	Becctococcus	532469505034039296
10.1186/s12915-014-0087-z	PatSchloss	532471574595907584
10.1186/s12915-014-0087-z	PatSchloss	532471347579215872
10.1186/s12915-014-0087-z	PatSchloss	532471929631166464
10.1186/s12915-014-0087-z	BMCBiology	532474112061767680
10.1186/s12915-014-0087-z	linsalrob	532476042728861698
10.1186/s12915-014-0087-z	CyanoNey	532480154921336832
10.1186/s12915-014-0087-z	SeanMeaden	532480943534391296
10.1186/s12915-014-0087-z	bkoskella	532481631568015361
10.1186/s12915-014-0087-z	bentemperton	532482030387609600
10.1186/s12915-014-0087-z	JuanUgaldeC	532491204076658688
10.1186/s12915-014-0087-z	drbachinsky	532496998809993216
10.1186/s12915-014-0087-z	BMCBiology	532470347883630592
10.1186/s12915-014-0087-z	mcaccamo	532448557761298432
10.1186/s12915-014-0087-z	FulweilerLab	532494032375922688
10.1186/s12915-014-0087-z	DrNJFawcett	532448399317303296
10.1186/s12915-014-0087-z	CJernberg	532448984846311424
10.1186/s12915-014-0087-z	DrSimonHarris	532456848205828096
10.1186/s12915-014-0087-z	sjc0808	532462520163110912
10.1186/s12915-014-0087-z	SJWRI	532468389973741568
10.1186/s12915-014-0087-z	BMCBiology	532474092201717760
10.1186/s12915-014-0087-z	tomrconnor	532474218223775744
10.1186/s12915-014-0087-z	BibCCBSUFCG	532504674566692864
10.1186/s12915-014-0087-z	BibCCBSUFCG	532504655083741184
10.1186/s12915-014-0087-z	BostonCEOs	532520337053716480
10.1186/s12915-014-0087-z	genetics_blog	532520322424397824
10.1186/s12915-014-0087-z	CharlotteCEOs	532520378719948801
10.1186/s12915-014-0087-z	BaltimoreCEOs	532521592949968897
10.1186/s12915-014-0087-z	yokofakun	532521457545662464
10.1186/s12915-014-0087-z	jjmerkin	532521496800141312
10.1186/s12915-014-0087-z	microbegrrl	532523423638257664
10.1186/s12915-014-0087-z	DrJCThrash	532525310353231872
10.1186/s12915-014-0087-z	BreakingGenes	532525885451038720
10.1186/s12915-014-0087-z	julponchart	532526442601787392
10.1186/s12915-014-0087-z	tommypia	532528462435999746
10.1186/s12915-014-0087-z	lexnederbragt	532561249364893697
10.1186/s12915-014-0087-z	evolcoop	532539660992790529
10.1186/s12915-014-0087-z	MartinGLaurence	532541552602927104
10.1186/s12915-014-0087-z	mt_ur_mind	532544785421447168
10.1186/s12915-014-0087-z	lexnederbragt	532561013804400640
10.1186/s12915-014-0087-z	skicrampons	532509556182900737
10.1186/s12915-014-0087-z	PharmaNews4	532510019536052224
10.1186/s12915-014-0087-z	jkewz	532511046335229952
10.1186/s12915-014-0087-z	cuencam	532527142589190144
10.1186/s12915-014-0087-z	merenbey	532552114661523456
10.1186/s12915-014-0087-z	Science_News1	532554063490338816
10.1186/s12915-014-0087-z	microseek	532568557805404160
10.1186/s12915-014-0087-z	hypusine	532571560389791744
10.1186/s12915-014-0087-z	nutrigenomics	532580328712331264
10.1186/s12915-014-0087-z	dnatured	532589031331078144
10.1186/s12915-014-0087-z	MicrobiomDigest	532593280333012992
10.1186/s12915-014-0087-z	RobertFeldman3	532595694452744192
10.1186/s12915-014-0087-z	drricky	532599344474505216
10.1186/s12915-014-0087-z	wgrus	532599772113551360
10.1186/s12915-014-0087-z	MohsenGU	532617091740737536
10.1186/s12915-014-0087-z	BioHub	532667110108180480
10.1186/s12915-014-0087-z	randy_ro	532686083193335808
10.1186/s12915-014-0087-z	rnomics	532646908867526656
10.1186/s12915-014-0087-z	Sigientist	532654492412837888
10.1186/s12915-014-0087-z	ISBER_ORG	532667114612858880
10.1186/s12915-014-0087-z	jessiet1023	532662944216006656
10.1186/s12915-014-0087-z	ASRS	532667108711477248
10.1186/s12915-014-0087-z	biospecimen	532667111970451457
10.1186/s12915-014-0087-z	Biobanking	532667109420306432
10.1186/s12915-014-0087-z	Lab2Bedside	532667113656578048
10.1186/s12915-014-0087-z	Biorepository	532667110837977088
10.1186/s12915-014-0087-z	PaulWielen	532578563321782272
10.1186/s12915-014-0087-z	GeneScan	532667112662511617
10.1186/s12915-014-0087-z	rnomics	532568057487446016
10.1186/s12915-014-0087-z	balcjos	532633611724673025
10.1186/s12915-014-0087-z	StephenBentley5	532834949649690625
10.1186/s12915-014-0087-z	conaquim	532847776754057216
10.1186/s12915-014-0087-z	RuminOmics	532850138952527872
10.1186/s12915-014-0087-z	ErickLoomis	532851732683190272
10.1186/s12915-014-0087-z	genperisi	532851839130435584
10.1186/s12915-014-0087-z	rodrigues_bio	532857342963249153
10.1186/s12915-014-0087-z	OAgenetics	532861739704930304
10.1186/s12915-014-0087-z	GenomeBiology	532847710932832256
10.1186/s12915-014-0087-z	nutrigenomics	532871159973675008
10.1186/s12915-014-0087-z	DaleYuzuki	532873178809663488
10.1186/s12915-014-0087-z	DukeMGM	532874373867528192
10.1186/s12915-014-0087-z	pvanbaarlen	532927242658406400
10.1186/s12915-014-0087-z	SeqComplete	532895887199338496
10.1186/s12915-014-0087-z	adamclooney	532900640989913088
10.1186/s12915-014-0087-z	jameslz	532912849191190528
10.1186/s12915-014-0087-z	keivard	533065244248006658
10.1186/s12915-014-0087-z	iqad370	532913817257521152
10.1186/s12915-014-0087-z	rnomics	532925003264958465
10.1186/s12915-014-0087-z	rnomics	532925139424657408
10.1186/s12915-014-0087-z	rnomics	532928770089304064
10.1186/s12915-014-0087-z	rnomics	532928780457635840
10.1186/s12915-014-0087-z	rnomics	532929399763374080
10.1186/s12915-014-0087-z	rnomics	532973660353884161
10.1186/s12915-014-0087-z	itknowingness	532973662446841856
10.1186/s12915-014-0087-z	metagenomic_lit	532987958899789824
10.1186/s12915-014-0087-z	custom_ms	532993063694524417
10.1186/s12915-014-0087-z	MarcNiebel	532987206961750016
10.1186/s12915-014-0087-z	JensonLim75	532935129938030592
10.1186/s12915-014-0087-z	SAGRudd	532870617125494784
10.1186/s12915-014-0087-z	eamonnc83	533072555561984001
10.1186/s12915-014-0087-z	naarkhoo	533213837659758593
10.1186/s12915-014-0087-z	bioinfobact	533262313022062594
10.1186/s12915-014-0087-z	enviroDNA	533291029911580672
10.1186/s12915-014-0087-z	rnomics	533400005055225857
10.1186/s12915-014-0087-z	BMCBiology	533313645607157760
10.1186/s12915-014-0087-z	astaines	533388250501484544
10.1186/s12915-014-0087-z	PadraigMcL	533391142650671104
10.1186/s12915-014-0087-z	J_Asselm	533292032287326210
10.1186/s12915-014-0087-z	ishwarvh	533650154864537600
10.1186/s12915-014-0087-z	ChessNor	533700182357970944
10.1186/s12915-014-0087-z	fiedawn	533700783318249472
10.1186/s12915-014-0087-z	catmoore_1	533736889854210048
10.1186/s12915-014-0087-z	mikrobiom	533933426181947392
10.1186/s12915-014-0087-z	DrPam	533953159094628352
10.1186/s12915-014-0087-z	mtothen3	533988619065634816
10.1186/s12915-014-0087-z	ASDarwinist	534421264778403840
10.1186/s12915-014-0087-z	fiedawn	534421501806936064
10.1186/s12915-014-0087-z	StephenBentley5	534374750521266177
10.1186/s12915-014-0087-z	eDNAScience	534928625901256704
10.1186/s12915-014-0087-z	guyleonard	535738262745534464
10.1186/s12915-014-0087-z	Anders_Norman	535731028128583680
10.1186/s12915-014-0087-z	ambulanzen	535731242692800512
10.1186/s12915-014-0087-z	biomatt	535758526514487296
10.1186/s12915-014-0087-z	cleme_lab	535792522384400384
10.1186/s12915-014-0087-z	bernatolle	535792655100542976
10.1186/s12915-014-0087-z	sinaadl	535807613913399297
10.1186/s12915-014-0087-z	jennifershaw86	537022850784178176
10.1186/s12915-014-0087-z	EurofinGenomics	537026505596211201
10.1186/s12915-014-0087-z	stefanako71	537038390617976832
10.1186/s12915-014-0087-z	WanHP2005	537285216897740800
10.1186/s12915-014-0087-z	spideycreer	537361524034007040
10.1186/s12915-014-0087-z	bioinfobact	537894519594037248
10.1186/s12915-014-0087-z	GenomicsEurope	537921338623930368
10.1186/s12915-014-0087-z	enviroDNA	540060912863150080
10.1186/s12915-014-0087-z	eDNAScience	540301704491958272
10.1186/s12915-014-0087-z	BMCBiology	540200920349687808
10.1186/s12915-014-0087-z	GlanceScience	541024705218494464
10.1186/s12915-014-0087-z	naomiattar	532445811943428096
10.1186/s12915-014-0087-z	aphilosof	543012327688138754
10.1186/s12915-014-0087-z	F1000	543065755399753728
10.1186/s12915-014-0087-z	pbeldade	544855146711515136
10.1186/s12915-014-0087-z	F1000Posters	544855380208390144
10.1186/s12915-014-0087-z	ProfSKrishna	544855803639771136
10.1186/s12915-014-0087-z	aifbw	544856451597213697
10.1186/s12915-014-0087-z	lorelai66	544863523382509568
10.1186/s12915-014-0087-z	CalvinSwine905	544855406917722115
10.1186/s12915-014-0087-z	KingaNYC	545221736472805378
10.1186/s12915-014-0087-z	MikeyJ	532490834479185920
10.1186/s12915-014-0087-z	JuanUgaldeC	532491090654289920
10.1186/s12915-014-0087-z	BioMickWatson	532492738298916865
10.1186/s12915-014-0087-z	F1000	545164907952746496
10.1186/s12915-014-0087-z	F1000	546689167712088065
10.1186/s12915-014-0087-z	aphilosof	547394211905937410
10.1186/s12915-014-0087-z	JC_pathogenomic	550583444749975552
10.1186/s12915-014-0087-z	pathogenomenick	552039965136523264
10.1186/s12915-014-0087-z	willaonthego	552040585838612480
10.1186/s12915-014-0087-z	GenomeMedicine	552042396738134016
10.1186/s12915-014-0087-z	MikeyJ	552045289151160320
10.1186/s12915-014-0087-z	BMCBiology	552061824867516416
10.1186/s12915-014-0087-z	alfbenpa	552049041186754560
10.1186/s12915-014-0087-z	rnomics	552101728561008640
10.1186/s12915-014-0087-z	CJStewart7	552103560952168448
10.1186/s12915-014-0087-z	TwistedBacteria	552585340947804160
10.1186/s12915-014-0087-z	Dr_Mel_Thomson	552585436791439362
10.1186/s12915-014-0087-z	julponchart	552612666876100608
10.1186/s12915-014-0087-z	BioMickWatson	553958051599089664
10.1186/s12915-014-0087-z	friendlymicrobe	557842214483943424
10.1186/s12915-014-0087-z	BMCBiology	557863623146893312
10.1186/s12915-014-0087-z	pathogenomenick	557856034665271296
10.1186/s12915-014-0087-z	mashedbanana	560772668245692416
10.1186/s12915-014-0087-z	sfanoslab	562070376201879552
10.1186/s12915-014-0087-z	pathogenomenick	564177749049614336
10.1186/s12915-014-0087-z	surt_lab	564178299069288448
10.1186/s12915-014-0087-z	BioMickWatson	564181288752799744
10.1186/s12915-014-0087-z	fanastomosis	564307165385879552
10.1186/s12915-014-0087-z	BillHanage	564419258713927681
10.1186/s12915-014-0087-z	cjfields	564544318850215939
10.1186/s12915-014-0087-z	pathogenomenick	567317244599074816
10.1186/s12915-014-0087-z	SahaSurya	573172838187855872
10.1186/s12915-014-0087-z	infotroph	573157736214618112
10.1186/s12915-014-0087-z	parasitegenomes	532469123704299520
10.1186/s12915-014-0087-z	ppuigbo	532628101466165248
10.1186/s12915-014-0087-z	IanGoodhead	532469884085886976
10.1186/s12915-014-0087-z	IMIBirmingham	532865470270304258
10.1186/s12915-014-0087-z	microlifedc	552489093087903746
10.1186/s12915-014-0087-z	mykophile	587996010074378240
10.1186/s12915-014-0087-z	surt_lab	587998690750681088
10.1186/s12915-014-0087-z	cfe_mycolab	588019589600141312
10.1186/s12915-014-0087-z	mrillig	588056493796286465
10.1186/s12915-014-0087-z	mgalactus	594084038282993664
10.1186/s12915-014-0087-z	pathogenomenick	599214196685983745
10.1186/s12915-014-0087-z	smith_tracymae	599222980489703425
10.1186/s12915-014-0087-z	dynomics	599226621476888577
10.1186/s12915-014-0087-z	ZaminIqbal	599214433626365952
10.1186/s12915-014-0087-z	scopedbylarry	599217431270268929
10.1186/s12915-014-0087-z	kausikdatta22	599218617956311042
10.1186/s12915-014-0087-z	chuttenh	608614649290977280
10.1186/s12915-014-0087-z	NatureMicrobiol	608615253274963968
10.1186/s12915-014-0087-z	gilbertjacka	608616831331401728
10.1186/s12915-014-0087-z	TSBSchm	608621871035232257
10.1186/s12915-014-0087-z	nserranos	608623089060958208
10.1186/s12915-014-0087-z	maubarsom	608624409318969344
10.1186/s12915-014-0087-z	hostmicrobe	608631454206205952
10.1186/s12915-014-0087-z	pathogenomenick	608633081629675521
10.1186/s12915-014-0087-z	DrDorSalomon	608686104196202496
10.1186/s12915-014-0087-z	Napaaqtuk	608646298938441728
10.1186/s12915-014-0087-z	Gut_Goddess	608997839306252288
10.1186/1471-2148-14-70	AMCELL	451804750414360576
10.1186/1471-2148-14-70	animalplantsci	451313760809275392
10.1186/1471-2148-14-70	SarahMDurant	451310175421755392
10.1186/1471-2148-14-70	CarnivoreSci	451309563183394817
10.1186/1471-2148-14-70	Billare	451320544299065344
10.1186/1471-2148-14-70	lucasbrouwers	451317372226666497
10.1186/1471-2148-14-70	DeepFriedDNA	451317083624996864
10.1186/1471-2148-14-70	JacquelynGill	451318460589412352
10.1186/1471-2148-14-70	JenniferRaff	451319644603678721
10.1186/1471-2148-14-70	sjplep	451315477441445888
10.1186/1471-2148-14-70	pontus_skoglund	451344368688168961
10.1186/1471-2148-14-70	Flo_flobido	451350190700904448
10.1186/1471-2148-14-70	mahmd_essam	451396277905805312
10.1186/1471-2148-14-70	feliba54	451392097422417921
10.1186/1471-2148-14-70	friendoftibet	451391771424358401
10.1186/1471-2148-14-70	Juanmvj	451387972085379072
10.1186/1471-2148-14-70	nieuwemarlean	451387559567175680
10.1186/1471-2148-14-70	stefaniacorbell	451387897397411840
10.1186/1471-2148-14-70	cadicat	451414725226528768
10.1186/1471-2148-14-70	laney_karen	451531950713741312
10.1186/1471-2148-14-70	BMC_series	451645276877762560
10.1186/1471-2148-14-70	inahw	451792283235405824
10.1186/1471-2148-14-70	AnnaKateBowman	451806556603293697
10.1186/1471-2148-14-70	aDNA_papers	451661467767410688
10.1186/1471-2148-14-70	phylogeo_papers	451661671874834434
10.1186/1471-2148-14-70	DeepFriedDNA	451245006683394048
10.1186/1471-2148-14-70	Greger_Larson	451289543636176896
10.1186/1471-2148-14-70	TetZoo	451314427598757888
10.1186/1471-2148-14-70	maughams	451385718653190144
10.1186/1471-2148-14-70	hugo_indalecio	451412333437280257
10.1186/1471-2148-14-70	graduadoconfuso	452951628623384576
10.1186/1471-2148-14-70	SCzarnomska	452963370367746048
10.1186/1471-2148-14-70	cbjones1943	453553846225494017
10.1186/1471-2148-14-70	arenddehaas	453564233561960449
10.1186/1471-2148-14-70	claudiawultsch	456430800599146496
10.1186/1471-2148-14-70	swift528491	461185929206849539
10.1186/1471-2148-14-70	Cartocovery	462872301319364608
10.1186/1471-2148-14-70	ProjectSIMBA	451244859727572992
10.1186/1471-2148-14-70	AllanMcDevitt	451245371357159424
10.1186/1471-2148-14-70	pat_le_lion	451245510406717440
10.1186/1471-2148-14-70	CelineBon	451246138726039552
10.1186/1471-2148-14-70	mccarthy_colin	451272236067213312
10.1186/1471-2148-14-70	ToriHerridge	451266004958445568
10.1186/1471-2148-14-70	BMC_series	451262394871058432
10.1186/1471-2148-14-70	keshuvko	451282403084865536
10.1186/1471-2148-14-70	LSmonster	451285048625737728
10.1186/1471-2148-14-70	DebbieKennett	451293424139108353
10.1186/1471-2148-14-70	Mollymew1	451458830392492032
10.1186/1471-2148-14-70	danny_cu	451477238303580160
10.1186/1471-2148-14-70	onebiofile	452813540110655488
10.1186/1471-2148-14-70	MariosKaratzias	457978647606214656
10.1186/1471-2148-14-70	pasantas	457992997641420800
10.1186/1471-2148-14-70	ProjectSIMBA	474584053984014336
10.1186/1471-2148-14-70	DeepFriedDNA	474584120845434881
10.1186/1471-2148-14-70	TomHoltzPaleo	477239196759760896
10.1186/1471-2148-14-70	GarthGodsman	477240446364565505
10.1186/1471-2148-14-70	AngeNMak	451516998606782464
10.1186/1471-2148-14-70	ddandchester	451515730690072576
10.1186/1471-2148-14-70	BillJBaker	451645837719130112
10.1186/1471-2148-14-70	MichaelViggars	451752387032522752
10.1186/1471-2148-14-70	paleogenomics	452636419995885568
10.1186/1471-2148-14-70	SCEdmunds	453816831594098688
10.1186/1471-2148-14-136	janfreedman	489343734648025088
10.1186/1471-2148-14-136	Nabilaarlif	489351516805820417
10.1186/1471-2148-14-136	OnCritical	489373752681984000
10.1186/1471-2148-14-136	B0TSociety	489387035979812864
10.1186/1471-2148-14-136	albertonykus	489403454457004033
10.1186/1471-2148-14-136	GECellBiology	489350568813801473
10.1186/1471-2148-14-136	NDBiology	489374919474839552
10.1186/1471-2148-14-136	rnomics	489410590147117057
10.1186/1471-2148-14-136	BMC_series	489424810146267136
10.1186/1471-2148-14-136	SciAnouk	489425911243366400
10.1186/1471-2148-14-136	BioMedCentral	489435762924875776
10.1186/1471-2148-14-136	RealDJRinger	489422500728930304
10.1186/1471-2148-14-136	naomiattar	489435067912318976
10.1186/1471-2148-14-136	barrygooners	489436588758544385
10.1186/1471-2148-14-136	aDNA_papers	489718810987864064
10.1186/1471-2148-14-136	animalplantsci	489737547632095232
10.1186/1471-2148-14-136	s_j_cartwright	489744336389537793
10.1186/1471-2148-14-136	phy_papers	489760349386584066
10.1186/1471-2148-14-136	thedodo	490900007680094208
10.1186/1471-2148-14-136	AMCELL	493856475958501376
10.1186/1471-2148-14-136	prancingpapio	493857096858103809
10.1186/1471-2148-14-136	BiodiversityUDE	496264151535460352
10.1186/1471-2148-14-136	fischdoktor	504986603073191936
10.1186/1471-2148-14-136	TechnologyOrg	499880580335820801
10.1186/1471-2148-14-136	DrAdamMoolna	513242480759037952
10.1186/1471-2148-14-136	hugo_indalecio	489262521950302208
10.1186/1471-2148-14-136	BioMedCentral	489337632938553344
10.1186/1471-2148-14-136	upulie	489337853692743680
10.1186/1471-2148-14-136	FranTempersonne	489338165858418689
10.1186/1471-2148-14-136	DrHanneke	489338970992418816
10.1186/1471-2148-14-136	dr_khaledamiri	489339242359705601
10.1186/1471-2148-14-136	zaidarenteria	489340183872286720
10.1186/1471-2148-14-136	sirtessa	489341069419491328
10.1186/1471-2148-14-136	BMCBiology	489341925104046080
10.1186/1471-2148-14-136	Pippavs	489342602630549505
10.1186/1471-2148-14-136	Ivette_Negrete	489343377289510912
10.1186/1471-2148-14-136	juniwiese	489342769790730241
10.1186/1471-2148-14-136	SpringerSBM	489345172493570048
10.1186/1471-2148-14-136	txtriffidranch	489346239440236544
10.1186/1471-2148-14-136	DeepFriedDNA	489351834377932800
10.1186/1471-2148-14-136	salmon0413	489351932830437376
10.1186/1471-2148-14-136	AmyeKenall	489353631083548673
10.1186/1471-2148-14-136	mccarthy_colin	489354305875759104
10.1186/1471-2148-14-136	Iteration23	489834756998438912
10.1186/1471-2148-14-136	paleogenomics	490641989382070274
10.1186/1471-2148-14-136	razibkhan	490642145850568704
10.1186/1471-2148-14-136	memleketharad	491352108747489280
10.1186/1471-2148-14-136	BMC_series	496675804047503361
10.1186/1471-2148-14-136	ElinVidevall	499952324425818112
10.1186/1471-2148-14-136	miguelmcminn	513214539249504256
10.1186/1471-2148-14-136	BMCBiology	499878512510402560
10.1186/1471-2148-14-136	socorrodove	513091692530900994
10.1186/1471-2148-14-136	Dr_Rob_Davis	513113690711683073
10.1186/1471-2148-14-136	_pmmv_	559740890160586753
10.1186/1471-2148-14-136	LolaM147	588359240412106752
10.1186/1471-2148-14-136	Heidi6028	605859471428980736
10.1186/s12862-014-0193-0	lamohkun	514361240677011456
10.1186/s12862-014-0193-0	Samndhra	514362011417714688
10.1186/s12862-014-0193-0	hindu_kush420	514361977573871616
10.1186/s12862-014-0193-0	sarasaebi	514362203504263168
10.1186/s12862-014-0193-0	cao58020	514373385199943680
10.1186/s12862-014-0193-0	natsu_yuki_twee	514373495099117568
10.1186/s12862-014-0193-0	pudding_purin1	514374347314577408
10.1186/s12862-014-0193-0	mu_tang_chang	514378714390343680
10.1186/s12862-014-0193-0	ConvoDrop	514387524853059585
10.1186/s12862-014-0193-0	irukatodouro	514390583012372482
10.1186/s12862-014-0193-0	robinsonmanana	514416307073069056
10.1186/s12862-014-0193-0	Dalvittt	514432322251128833
10.1186/s12862-014-0193-0	TagChi	514432407064559616
10.1186/s12862-014-0193-0	marihoshikawa	514437106106519553
10.1186/s12862-014-0193-0	wawrzyniak9	514437900541624320
10.1186/s12862-014-0193-0	sa_ku_ra_white	514445536766611457
10.1186/s12862-014-0193-0	FebRab	514445936559276032
10.1186/s12862-014-0193-0	chiehawainiiku	514448223117664257
10.1186/s12862-014-0193-0	arnopeck	514462950661181440
10.1186/s12862-014-0193-0	wasabine	514465288360710144
10.1186/s12862-014-0193-0	Choco7053	514467672176603136
10.1186/s12862-014-0193-0	IWJ_KB_SPTR	514478982079598592
10.1186/s12862-014-0193-0	Enzuigiriii	514480300542279680
10.1186/s12862-014-0193-0	nuovobelltec	514482403692122112
10.1186/s12862-014-0193-0	tananori61	514498474306715648
10.1186/s12862-014-0193-0	riritter1	514510023293026304
10.1186/s12862-014-0193-0	okinawa_yasai	514577840763715584
10.1186/s12862-014-0193-0	noriomurakami	514677008551272448
10.1186/s12862-014-0193-0	bochibatake	514713908741828608
10.1186/s12862-014-0193-0	tp_1024	514808385477570560
10.1186/s12862-014-0193-0	DoomsdaysCW	514822494805843970
10.1186/s12862-014-0193-0	AnneBeck58	514839786784169984
10.1186/s12862-014-0193-0	Ali20586	514851845273944065
10.1186/s12862-014-0193-0	mpgarza2012	514857813583990784
10.1186/s12862-014-0193-0	observationisle	515169498090205184
10.1186/s12862-014-0193-0	lituum	515610781807681536
10.1186/s12862-014-0193-0	phpress	515613648119541760
10.1186/s12862-014-0193-0	Atlantagirl3	515614825917849600
10.1186/s12862-014-0193-0	jeeezelouise	515613752981352450
10.1186/s12862-014-0193-0	Fuji_sang	515645079042547712
10.1186/s12862-014-0193-0	yamagutiube1955	515766043189334016
10.1186/s12862-014-0193-0	JukkaPSeppl	516332856940199936
10.1186/s12862-014-0193-0	anselmonadir	516569515514400769
10.1186/s12862-014-0193-0	toneunga1	517295266802581504
10.1186/s12862-014-0193-0	itoshunya	517295446603993089
10.1186/s12862-014-0193-0	misaki86776568	517306715822227457
10.1186/s12862-014-0193-0	chunok07	517295606813835265
10.1186/s12862-014-0193-0	mechako	517304354076770305
10.1186/s12862-014-0193-0	Yoshi_Y1324	517444854121369600
10.1186/s12862-014-0193-0	verda_verde	517476044430147584
10.1186/s12862-014-0193-0	fujisanfujiyama	519604589448818688
10.1186/s12862-014-0193-0	yokoblueplanet1	520110785880522752
10.1186/s12862-014-0193-0	kawalle	519822965567787008
10.1186/s12862-014-0193-0	cathunwin	528546063980851200
10.1186/s12862-014-0193-0	artbiocollab	533116992409313281
10.1186/s12862-014-0193-0	OmoNsasi	533248991798890496
10.1186/s12862-014-0193-0	arclight2011	533765652256129024
10.1186/s12862-014-0193-0	RainbowLinkInc	537111591196426240
10.1186/s12862-014-0193-0	kinoturayuki_tw	537113071353741312
10.1186/s12862-014-0193-0	RainbowLinkInc	537115111316389888
10.1186/s12862-014-0193-0	makomelo	514357663811919872
10.1186/s12862-014-0193-0	sheela014	514357984177037312
10.1186/s12862-014-0193-0	tousekitetsu	514358224469118976
10.1186/s12862-014-0193-0	ecodaren	514358446049599489
10.1186/s12862-014-0193-0	julietface	514359060397686784
10.1186/s12862-014-0193-0	kokikokiya	514359413587464192
10.1186/s12862-014-0193-0	tataitsu	514359593300795393
10.1186/s12862-014-0193-0	bubukun93	514360562164060160
10.1186/s12862-014-0193-0	hannahumming	514360526671863809
10.1186/s12862-014-0193-0	waiwai49	514360786211205121
10.1186/s12862-014-0193-0	sinwanohate	514361040243408896
10.1186/s12862-014-0193-0	108sorasid	514361699831259137
10.1186/s12862-014-0193-0	genmayu	514361640892911617
10.1186/s12862-014-0193-0	cfihr22	514362324350541824
10.1186/s12862-014-0193-0	upest	514362360203468800
10.1186/s12862-014-0193-0	cryinginred_X	514363373878665217
10.1186/s12862-014-0193-0	suhamayuki	514363692075347968
10.1186/s12862-014-0193-0	Astaroth_tweet	514364783055740928
10.1186/s12862-014-0193-0	sheela014	514365138908893185
10.1186/s12862-014-0193-0	waiakaaka	514365528274509825
10.1186/s12862-014-0193-0	PodZero	514365836018991104
10.1186/s12862-014-0193-0	tkypushbike	514367518652104705
10.1186/s12862-014-0193-0	grassman_C	514368522575560704
10.1186/s12862-014-0193-0	0318amber	514369330578853890
10.1186/s12862-014-0193-0	Yuri_K_no	514370460532740097
10.1186/s12862-014-0193-0	choctaw3	514371560140853249
10.1186/s12862-014-0193-0	uchida_kawasaki	514371775782588416
10.1186/s12862-014-0193-0	cyoki	514371827045384193
10.1186/s12862-014-0193-0	harada_hirofumi	514371947560333312
10.1186/s12862-014-0193-0	USUBENI	514373119763431424
10.1186/s12862-014-0193-0	OnCritical	514373244468490240
10.1186/s12862-014-0193-0	George5510	514374263403343873
10.1186/s12862-014-0193-0	Roux_Castle	514375570587533313
10.1186/s12862-014-0193-0	Roux_Castle	514379421688406016
10.1186/s12862-014-0193-0	18sarara	514380217771520001
10.1186/s12862-014-0193-0	esuguchi	514380523594977280
10.1186/s12862-014-0193-0	chisato1945	514380808803471360
10.1186/s12862-014-0193-0	zephyorg	514380746450927616
10.1186/s12862-014-0193-0	Kiwiana8888	514383058477125634
10.1186/s12862-014-0193-0	TsudaNaomi	514383363189125124
10.1186/s12862-014-0193-0	chihineco	514383443073839105
10.1186/s12862-014-0193-0	hijijikiki	514385648271118336
10.1186/s12862-014-0193-0	orz_okinawa	514387883071795200
10.1186/s12862-014-0193-0	kouzie01	514389544653705216
10.1186/s12862-014-0193-0	_ryoaizawa	514390919475249152
10.1186/s12862-014-0193-0	kingo999	514391294458593280
10.1186/s12862-014-0193-0	kiha205	514391466198577152
10.1186/s12862-014-0193-0	mon1ten2	514391610570715136
10.1186/s12862-014-0193-0	kingo999	514391855211876352
10.1186/s12862-014-0193-0	tumu1209	514392015652409345
10.1186/s12862-014-0193-0	megurimeguruzu	514392181268684800
10.1186/s12862-014-0193-0	gaganjp	514392954069200896
10.1186/s12862-014-0193-0	anemonopsis	514393007764684800
10.1186/s12862-014-0193-0	tekito2	514393716895670272
10.1186/s12862-014-0193-0	arielblanche	514393732167118849
10.1186/s12862-014-0193-0	O_marcel	514393961239425024
10.1186/s12862-014-0193-0	gomashiomilou	514395051993346049
10.1186/s12862-014-0193-0	Skydaisy9	514395397955928064
10.1186/s12862-014-0193-0	hannahumming	514397091225800705
10.1186/s12862-014-0193-0	Jun_Sky_0610	514398247004020736
10.1186/s12862-014-0193-0	DisabledDalek	514398182579904512
10.1186/s12862-014-0193-0	chiangtairau	514398449312079872
10.1186/s12862-014-0193-0	tenkiwa	514399593795026945
10.1186/s12862-014-0193-0	deaeteyokattana	514400433868009472
10.1186/s12862-014-0193-0	kojima_aponet	514400876383834112
10.1186/s12862-014-0193-0	chiichi_Ky0	514404990207533056
10.1186/s12862-014-0193-0	Luke_00	514405614626164736
10.1186/s12862-014-0193-0	else_ks	514410871745818624
10.1186/s12862-014-0193-0	mid40eximpreza	514411322918707200
10.1186/s12862-014-0193-0	septembersky09	514411710052966400
10.1186/s12862-014-0193-0	5901As	514414272441368577
10.1186/s12862-014-0193-0	fukukittykobe	514414668878598144
10.1186/s12862-014-0193-0	peace_tokai	514415515712757760
10.1186/s12862-014-0193-0	chicago_b	514504377969942529
10.1186/s12862-014-0193-0	SilverHair8	514519711673905152
10.1186/s12862-014-0193-0	MuiMuiZ	514528624691515392
10.1186/s12862-014-0193-0	esaitteti	514542030270124032
10.1186/s12862-014-0193-0	Astaroth_tweet	514552599790366720
10.1186/s12862-014-0193-0	seoka76	514552594216148992
10.1186/s12862-014-0193-0	for_xday	514553027282231296
10.1186/s12862-014-0193-0	ScentScience	514553974490677248
10.1186/s12862-014-0193-0	quena2013	514555134316003328
10.1186/s12862-014-0193-0	shimasho	514555660474667008
10.1186/s12862-014-0193-0	smoketree1	514556785810616320
10.1186/s12862-014-0193-0	gakyon	514556859542294528
10.1186/s12862-014-0193-0	65johnno	514557479397892096
10.1186/s12862-014-0193-0	acco_og	514557741033992193
10.1186/s12862-014-0193-0	secondwind28	514558345416425472
10.1186/s12862-014-0193-0	sss24_na	514572592565329920
10.1186/s12862-014-0193-0	LadyBorgen	514573442784296960
10.1186/s12862-014-0193-0	hanamama58	514573661479510016
10.1186/s12862-014-0193-0	uranus_2	514574136945803265
10.1186/s12862-014-0193-0	erai_ko_ccha	514574609186713600
10.1186/s12862-014-0193-0	yukankmr	514575325397655552
10.1186/s12862-014-0193-0	cnvvlty	514579713134977024
10.1186/s12862-014-0193-0	A_Heretic	514583128443457537
10.1186/s12862-014-0193-0	norilebo	514729304651886592
10.1186/s12862-014-0193-0	chimakoh	514740635291500545
10.1186/s12862-014-0193-0	kawaiisakanaya3	514740545243983873
10.1186/s12862-014-0193-0	madabou	514745208764760065
10.1186/s12862-014-0193-0	esamesesames	514955382184091648
10.1186/s12862-014-0193-0	cha_pei	515127132322660352
10.1186/s12862-014-0193-0	KjemalKyle	515170088786612224
10.1186/s12862-014-0193-0	mjjkoi2399	515764460938477568
10.1186/s12862-014-0193-0	katareyamanba	515770108199718912
10.1186/s12862-014-0193-0	knkrakita	515811611756343296
10.1186/s12862-014-0193-0	hervecourtois1	516568588174766080
10.1186/s12862-014-0193-0	hervecourtois1	516568522353541120
10.1186/s12862-014-0193-0	H_Koy	516782498559168512
10.1186/s12862-014-0193-0	BioMedCentralJP	516821995951251457
10.1186/s12862-014-0193-0	kopiapoa_029	516952774127276033
10.1186/s12862-014-0193-0	HirasawaNochuri	517135528022401025
10.1186/s12862-014-0193-0	irukatodouro	517303137103654916
10.1186/s12862-014-0193-0	Mutoh_Z	517306458082250752
10.1186/s12862-014-0193-0	cyberuls	517309922308923393
10.1186/s12862-014-0193-0	ffan4u	517327990212943872
10.1186/s12862-014-0193-0	BMC_series	519411958412767232
10.1186/s12862-014-0193-0	AusSMC	514273220392779777
10.1186/s12862-014-0193-0	7Journals	514275792004460544
10.1186/s12862-014-0193-0	kappel0208	514286857341763585
10.1186/s12862-014-0193-0	BioMedCentral	514336972736040961
10.1186/s12862-014-0193-0	nutrition_lc	514337286415450112
10.1186/s12862-014-0193-0	marinavidal1	514340449159770112
10.1186/s12862-014-0193-0	ericalarcon	514340695260540929
10.1186/s12862-014-0193-0	MelanieBagg	514596200004067328
10.1186/s12862-014-0193-0	okasimon1	514597776898801664
10.1186/s12862-014-0193-0	NikushokuNeco	514608621326319616
10.1186/s12862-014-0193-0	knkrakita	514614776664580096
10.1186/s12862-014-0193-0	agyrtria	514646693254410241
10.1186/s12862-014-0193-0	Village_T	514655456669614080
10.1186/s12862-014-0193-0	igugari	514660579428954113
10.1186/s12862-014-0193-0	NeenahBoo2	514712208823971840
10.1186/s12862-014-0193-0	SyuhoT	514716211276312576
10.1186/s12862-014-0193-0	SeanSHLee	515427317594607616
10.1186/s12862-014-0193-0	yuima21c	515763414807748608
10.1186/s12862-014-0193-0	yokoura27	515763797164695552
10.1186/s12862-014-0193-0	yuima21c	515764002966614016
10.1186/s12862-014-0193-0	sdnch	516002015684874241
10.1186/s12862-014-0193-0	hugo_indalecio	516037741004328961
10.1186/s12862-014-0193-0	uketukeman	516090853731745792
10.1186/s12862-014-0193-0	TinnyFoil	526486938140688384
10.1186/s12862-014-0193-0	star2000dancer	526488850689187840
10.1186/s12862-014-0193-0	jackiemopsy	526511688271810560
10.1186/s12862-014-0193-0	sazamaru	526533135274500096
10.1186/s12862-014-0193-0	parasite2006	551128226789990400
10.1186/s12862-014-0193-0	parasite2006	551123376589123584
10.1186/s12862-014-0193-0	parasite2006	551120478425731073
10.1186/s12862-014-0193-0	TomiPuhakka	553876416975360000
10.1186/s12862-014-0193-0	nekoyasshiki	557120895148240896
10.1186/s12862-014-0193-0	jsdfq43wtr	557172237753528321
10.1186/s12862-014-0193-0	breathingpower	557176383076855809
10.1186/s12862-014-0193-0	parasite2006	557176982195019777
10.1186/s12862-014-0193-0	monstar81053	557190374465081345
10.1186/s12862-014-0193-0	madfall1213	557198092055760896
10.1186/s12862-014-0193-0	Slight_Bright	557190237797883905
10.1186/s12862-014-0193-0	otomi_emishi	557190165802651650
10.1186/s12862-014-0193-0	jsdfq43wtr	557189788571160576
10.1186/s12862-014-0193-0	jsdfq43wtr	557187772943831040
10.1186/s12862-014-0193-0	akatuki_no_mori	557185732603686913
10.1186/s12862-014-0193-0	akatuki_no_mori	557185637724327936
10.1186/s12862-014-0193-0	jsdfq43wtr	557185111884439553
10.1186/s12862-014-0193-0	mghinditweklar	557184938504499200
10.1186/s12862-014-0193-0	madfall1213	557178489694994433
10.1186/s12862-014-0193-0	monstar81053	557177891054559235
10.1186/s12862-014-0193-0	lepido_papers	590895349553758209
10.1186/preaccept-2055025475136453	LepPhylo	537531200521641984
10.1186/preaccept-2055025475136453	BMC_series	537531421456601088
10.1186/preaccept-2055025475136453	cel_delmas	537534093333118977
10.1186/preaccept-2055025475136453	pbeldade	537537856093556736
10.1186/preaccept-2055025475136453	barbaravreede	537538756274700289
10.1186/preaccept-2055025475136453	AG_EvoBio	537539109485813760
10.1186/preaccept-2055025475136453	a_donna	537542432163127296
10.1186/preaccept-2055025475136453	mel_rosina	537544972913106944
10.1186/preaccept-2055025475136453	sid_or_simon	537547863589650434
10.1186/preaccept-2055025475136453	DaichiFunamoto	537551699490004993
10.1186/preaccept-2055025475136453	jstgerlach	537554107918483456
10.1186/preaccept-2055025475136453	Dr_AnnaM	537556726359527424
10.1186/preaccept-2055025475136453	Conserv8nVet	537559049810628608
10.1186/preaccept-2055025475136453	bio_utmn	537561248586805249
10.1186/preaccept-2055025475136453	dawnbazely	537563231213322240
10.1186/preaccept-2055025475136453	Gurdur	537564198864441345
10.1186/preaccept-2055025475136453	SnellRoodLab	537591730900828160
10.1186/preaccept-2055025475136453	HansZauner	537601424449085440
10.1186/preaccept-2055025475136453	socialmicrobes	537603395738406912
10.1186/preaccept-2055025475136453	butterflyology	537659950915682305
10.1186/preaccept-2055025475136453	OwenKean	537693180012285952
10.1186/preaccept-2055025475136453	cbjones1943	537622393746096128
10.1186/preaccept-2055025475136453	cdanielcadena	537740209031360512
10.1186/preaccept-2055025475136453	faustovrz	537743025863393280
10.1186/preaccept-2055025475136453	BiolJLinnSoc	537743439073267712
10.1186/preaccept-2055025475136453	GrahamScott14	537743883934109696
10.1186/preaccept-2055025475136453	MichaelKOliver	537785618668199938
10.1186/preaccept-2055025475136453	evolvwing	537848699909439488
10.1186/preaccept-2055025475136453	plantbiology	537863975883784192
10.1186/preaccept-2055025475136453	Miguelddl	537866514448543745
10.1186/preaccept-2055025475136453	berns_jo	537867645207740416
10.1186/preaccept-2055025475136453	toclvm	537868998600577024
10.1186/preaccept-2055025475136453	toclvm	537870989716389889
10.1186/preaccept-2055025475136453	Aristolochia	537871831756443648
10.1186/preaccept-2055025475136453	DanChitwood	537874725914284032
10.1186/preaccept-2055025475136453	CatsCauseTypos	537876187599880192
10.1186/preaccept-2055025475136453	alyahyai	537879946140848128
10.1186/preaccept-2055025475136453	SBAT01	537883778606456832
10.1186/preaccept-2055025475136453	CMilesNatHist	537889585905553408
10.1186/preaccept-2055025475136453	hoppetagaotiru	537901466111848448
10.1186/preaccept-2055025475136453	NuttyNaturalist	537910896304357376
10.1186/preaccept-2055025475136453	Alice2430	537914183220592640
10.1186/preaccept-2055025475136453	poposkidimitar	537917130688462848
10.1186/preaccept-2055025475136453	HomareZuki	537918381341417473
10.1186/preaccept-2055025475136453	nonshu	537918828701704193
10.1186/preaccept-2055025475136453	Matt_Landau	537921067072122880
10.1186/preaccept-2055025475136453	riv7	537922972564983809
10.1186/preaccept-2055025475136453	AsanoIshikawa	537924443125723136
10.1186/preaccept-2055025475136453	angel_insect	537928776479301633
10.1186/preaccept-2055025475136453	katachi_ya	537936187877380096
10.1186/preaccept-2055025475136453	shignak	537936844244000768
10.1186/preaccept-2055025475136453	nen6F	537940934801887232
10.1186/preaccept-2055025475136453	kamefuji	537942812289822720
10.1186/preaccept-2055025475136453	Pterow	537943875021582337
10.1186/preaccept-2055025475136453	kawaragai	537947210554417152
10.1186/preaccept-2055025475136453	Hiro_HL	537949732430036992
10.1186/preaccept-2055025475136453	thinkeroid	537950139059433473
10.1186/preaccept-2055025475136453	animalplantsci	537950217577172992
10.1186/preaccept-2055025475136453	mammie05	537950565016141826
10.1186/preaccept-2055025475136453	Shirohara_kuina	537951173588709378
10.1186/preaccept-2055025475136453	yuifu	537951398432747520
10.1186/preaccept-2055025475136453	sylphmoon	537952626923433984
10.1186/preaccept-2055025475136453	NaSi90	537953438651277312
10.1186/preaccept-2055025475136453	Chauliops	537955567436713984
10.1186/preaccept-2055025475136453	lambtani____	537992701917290496
10.1186/preaccept-2055025475136453	tharano34	537977421903831040
10.1186/preaccept-2055025475136453	Caaaaanaco	537977305465774080
10.1186/preaccept-2055025475136453	_klburke	538002071606538240
10.1186/preaccept-2055025475136453	tmhwq	537950614546690049
10.1186/preaccept-2055025475136453	shibawolfos	537968226827649024
10.1186/preaccept-2055025475136453	yoshidamasaaki	537967502828261377
10.1186/preaccept-2055025475136453	KOBEKONCHU	537965957184888832
10.1186/preaccept-2055025475136453	teuder	537961705813180419
10.1186/preaccept-2055025475136453	aBugBlog	538046269345005568
10.1186/preaccept-2055025475136453	zluzunov	538064159288864768
10.1186/preaccept-2055025475136453	tszentivanyi	538085788710633472
10.1186/preaccept-2055025475136453	ChrisDBeatty	538111093453758464
10.1186/preaccept-2055025475136453	hamuyosi	538131971503714304
10.1186/preaccept-2055025475136453	MauroMandrioli	538223333012426752
10.1186/preaccept-2055025475136453	Lepidodendron	538235793740156928
10.1186/preaccept-2055025475136453	hopeulikemoths	538284205827186688
10.1186/preaccept-2055025475136453	peregrinechap	538289981656403969
10.1186/preaccept-2055025475136453	morphospaceman	538294162416619520
10.1186/preaccept-2055025475136453	kinoboriyagi	538298359790833666
10.1186/preaccept-2055025475136453	P_dhaRMax	538301449239687169
10.1186/preaccept-2055025475136453	___rtr	538303265092272128
10.1186/preaccept-2055025475136453	wordcage	538303878567981057
10.1186/preaccept-2055025475136453	hane_co_llect	538309831900164096
10.1186/preaccept-2055025475136453	gervillaria	538310089812082689
10.1186/preaccept-2055025475136453	guruguruuzumaki	538311002605899776
10.1186/preaccept-2055025475136453	nacco_86400s	538311633294983170
10.1186/preaccept-2055025475136453	knyacKineco	538312703094161408
10.1186/preaccept-2055025475136453	buto_bot	538313671059832832
10.1186/preaccept-2055025475136453	sakashiro_niu	538314877102596096
10.1186/preaccept-2055025475136453	shinichiro_gsxr	538314804658581504
10.1186/preaccept-2055025475136453	Mezame0318	538315698334744577
10.1186/preaccept-2055025475136453	hrap_p1e	538317798410178561
10.1186/preaccept-2055025475136453	haltaq	538318192360165376
10.1186/preaccept-2055025475136453	cya_p	538320638507642880
10.1186/preaccept-2055025475136453	KOBEKONCHU	538323458451451905
10.1186/preaccept-2055025475136453	fukuinsect	538324822866919424
10.1186/preaccept-2055025475136453	angel_insect	538328334837350402
10.1186/preaccept-2055025475136453	Erbaf_MtoT	538328302025326592
10.1186/preaccept-2055025475136453	KQnick	538338891963461632
10.1186/preaccept-2055025475136453	lambtani____	538338860162625538
10.1186/preaccept-2055025475136453	robchikun	538339451148050432
10.1186/preaccept-2055025475136453	ekusoyt	538339385096151040
10.1186/preaccept-2055025475136453	kaniko95	538339540784517120
10.1186/preaccept-2055025475136453	nokisola	538339634934067201
10.1186/preaccept-2055025475136453	tamanubs	538339655096086528
10.1186/preaccept-2055025475136453	utautau_mono	538342154762870784
10.1186/preaccept-2055025475136453	terakaz	538342355179278337
10.1186/preaccept-2055025475136453	KaeKogane	538343372914577408
10.1186/preaccept-2055025475136453	fronori	538344060407140354
10.1186/preaccept-2055025475136453	ymmt0321	538353065032945664
10.1186/preaccept-2055025475136453	kirisimamidori	538365328183394305
10.1186/preaccept-2055025475136453	MasakiHoso	538338724124168192
10.1186/preaccept-2055025475136453	yoshidamasaaki	538373329200357377
10.1186/preaccept-2055025475136453	Nachtfalter223	538405313687203840
10.1186/preaccept-2055025475136453	xueliu314	538438482557812737
10.1186/preaccept-2055025475136453	higekita1	538440113844264960
10.1186/preaccept-2055025475136453	motokiohkubo	538440856810696704
10.1186/preaccept-2055025475136453	AkikoNakamasu	538483424340623361
10.1186/preaccept-2055025475136453	Hyla_123	538532908420456448
10.1186/preaccept-2055025475136453	tiaballet	538601154528022531
10.1186/preaccept-2055025475136453	equimonia	538636280469286912
10.1186/preaccept-2055025475136453	bing_chang	538636499676196864
10.1186/preaccept-2055025475136453	m_nekokabu	538639728686276609
10.1186/preaccept-2055025475136453	yzbo030	538643585311064064
10.1186/preaccept-2055025475136453	telpine	538645314391900164
10.1186/preaccept-2055025475136453	kamefuji	538649071792050177
10.1186/preaccept-2055025475136453	windowmoon	538649381021290496
10.1186/preaccept-2055025475136453	Hiro_HL	538650651593416704
10.1186/preaccept-2055025475136453	ane_kitinn	538658602504830976
10.1186/preaccept-2055025475136453	suz_dg	538680423086166017
10.1186/preaccept-2055025475136453	kingyobachi310	538681042777817088
10.1186/preaccept-2055025475136453	AgacsakalBlog	538714989784096769
10.1186/preaccept-2055025475136453	ntn310	538727352327348224
10.1186/preaccept-2055025475136453	taktakdegozaru	538871629040726016
10.1186/preaccept-2055025475136453	riv7	538955782444691456
10.1186/preaccept-2055025475136453	takatoh1	539293395521245184
10.1186/preaccept-2055025475136453	_mod_p	540131744796536832
10.1186/preaccept-2055025475136453	ryotaiino	540131507730276352
10.1186/preaccept-2055025475136453	_handyfox	540131829055881217
10.1186/preaccept-2055025475136453	E_Rubik	540132003731869697
10.1186/preaccept-2055025475136453	yayobitch_neu	540132680919044096
10.1186/preaccept-2055025475136453	a_nigroflava	540133548963803136
10.1186/preaccept-2055025475136453	yukikoyokoyo	540135676977487872
10.1186/preaccept-2055025475136453	Nyon_yuki	540135689996607488
10.1186/preaccept-2055025475136453	shikota0304	540138090858156032
10.1186/preaccept-2055025475136453	APlantScientist	540144780785639424
10.1186/preaccept-2055025475136453	BBa_K1124yuta	540267692616200193
10.1186/preaccept-2055025475136453	qnighy	540274605324111873
10.1186/preaccept-2055025475136453	akensho	540275057218420736
10.1186/preaccept-2055025475136453	LCnore	540275648065839104
10.1186/preaccept-2055025475136453	ashiato45	540285617909682177
10.1186/preaccept-2055025475136453	gogatsunomidori	540294037270306816
10.1186/preaccept-2055025475136453	duxca	540275533984968704
10.1186/preaccept-2055025475136453	BiotopeGarden	543957688749539328
10.1186/preaccept-2055025475136453	bluetittit	543957821788651521
10.1186/preaccept-2055025475136453	gamayauber01	543960338144567296
10.1186/preaccept-2055025475136453	magonote111	543960412782198784
10.1186/preaccept-2055025475136453	domkenRADIO	543961333461303297
10.1186/preaccept-2055025475136453	eri_n_551	543962837001842688
10.1186/preaccept-2055025475136453	yellowkouka	548466348536258560
10.1186/preaccept-2055025475136453	artbiocollab	559034839165595648
10.1186/preaccept-2055025475136453	bitcraftlab	559037753745477635
10.1186/preaccept-2055025475136453	ahseeder	559042923954982912
10.1186/preaccept-2055025475136453	lukaslarge	559048941283454976
10.1186/preaccept-2055025475136453	afragi	572150172429381632
10.1186/preaccept-2055025475136453	kigeki	572153400160231425
10.1186/preaccept-2055025475136453	minivespa	572169563330105344
10.1186/preaccept-2055025475136453	twitwiazu	572170248343797760
10.1186/preaccept-2055025475136453	mycof	572170530767421441
10.1186/preaccept-2055025475136453	sakra_yukikaze	572170918300016640
10.1186/preaccept-2055025475136453	openthepkk	572170719234162688
10.1186/preaccept-2055025475136453	ninnniku_	572170817531846656
10.1186/preaccept-2055025475136453	metaguro	572171407997583360
10.1186/preaccept-2055025475136453	NEWLA	572171563115540480
10.1186/preaccept-2055025475136453	hanafilm	572172029295644672
10.1186/preaccept-2055025475136453	torachibita	572175180513996801
10.1186/preaccept-2055025475136453	takayuki1997	572184393571123200
10.1186/preaccept-2055025475136453	shinto1014	572195137503166464
10.1186/preaccept-2055025475136453	jackjirou	572207731123359745
10.1186/preaccept-2055025475136453	25399	572235811489366016
10.1186/preaccept-2055025475136453	IsolatedLonely	572274014648840192
10.1186/preaccept-2055025475136453	sonoyo_	572346057104879616
10.1186/preaccept-2055025475136453	OWButterflies	591292233866989572
10.1186/preaccept-2055025475136453	butter_lovers	593670381661130752
